"id","participantId","age","gender","education","submittedAt"
"clnn9ff1nuyqq3vf7wssgr3og","cgj5d1u6h43ey50s3dsf2a1pl",38,"Man","Some college","2026-07-06 17:04:55.385618"
"cpvktovtersib3pibsqjjrshq","cgj5d1u6h43ey50s3dsf2a1pl",38,"Man","Some college","2026-07-06 17:04:59.149119"
"c7i2ff056plwknom6372z29u7","cyvzoitno5lomu7h0xpmb4n6o",23,"Male","Some college","2026-07-06 17:06:52.242945"
"cwi0jh9d5pa4zzgxbz9jtkxlf","cc1obop6imcxxu4bm36hplrli",43,"Female","Graduate degree","2026-07-06 17:08:46.548174"
"cqajnzlwkcw3jukugwcmo98kl","cw969m0rqik4a8n386uznecwa",38,"non-binary","Some college","2026-07-06 17:11:06.869228"
"ctd5me3ljcjjywnhovrow8i9c","craw9px6ze8vlrbwc7gir1ho2",48,"Prefer not to say","Graduate degree","2026-07-06 17:12:12.751567"
"c6x40ww2de93ncuzxk1ulpfqa","cynt62pz9p7y1fpr5h7op6yrv",42,"Female","Some college","2026-07-06 17:12:27.586921"
"ckm5jsaxydtpshwts1zdhommu","cduxvd18c9nrsbzzkex2p4hpf",22,"Non-binary","Bachelor's degree","2026-07-06 17:18:19.668342"
"cx0b3ried4khu8kbayqi35og2","cqix5gzjtbgho5h974uzn07pr",32,"Female","Graduate degree","2026-07-06 17:20:23.825161"
"cl9spduhrjlkw0rr4a6mozwlt","cyvqlcz1rm2cjratd22nm5ion",36,"Female","Some college","2026-07-06 17:22:50.860654"
"c45rtdnx6ho8e7c3pndjqxved","ccgriffbm12d8vcg71w9ilczb",38,"Male","High school diploma","2026-07-06 17:23:10.686278"
"cdo43x2oyj5qsbq1myeg0rtvy","ct45pmzp9mt3y1obwjumek1tr",31,"Female","Bachelor's degree","2026-07-06 17:24:54.480782"
"civqyvrcqz77utx0e2l0xqb10","cfl7j2xh64beqqbgajp3voot5",20,"Female","Bachelor's degree","2026-07-06 17:29:02.563009"
"cmb64pl1k5sf9ax93zxv2iw06","cjd0162dekvgx2txvbgmdrjcj",35,"Man","High school diploma","2026-07-06 17:34:13.885384"
"c2lzrs84pqp2awj4y3et4xs7e","ch9eydbp6ipmb8roab1jz4nr4",40,"Woman","Bachelor's degree","2026-07-06 17:36:11.043626"
"cr6hgc3osn5wqb5g1ct26n5nw","ccup4n7atvz1q0kr5ctwwxpoa",31,"Prefer not to say","Some college","2026-07-06 17:37:48.882483"
"c5mmnnou2usu0yi80zo84zeca","ces6ms7wo602vy6a7x2z5wuxk",40,"Female","High school diploma","2026-07-06 17:41:17.348402"
"cdbyz5gs4kh6u8rlp47f0oklo","c9kmgj2tv66aiv0xb0htjf62k",18,"F","Graduate degree","2026-07-06 17:42:52.421429"
"cdbqrq546gkxfpsubiuv71lhb","cuar5ppedj1jcshairamyu1ac",33,"female","High school diploma","2026-07-06 17:47:15.648465"
"ck1oyfkpf8r6wmvijlcagzl88","chnalh6wiw0fr4f1j3mgyyxpw",142,"Female","Graduate degree","2026-07-06 17:51:14"
"cq1tgp1crro6grzpolal23rg6","c1wkdb8i1pgn3vw5hxv34g7tp",34,"Male","Bachelor's degree","2026-07-06 17:54:56.695139"
"c3lp7tom9uskgf7wr5b7i3xto","cp6y8w5sd3i9l76fv3lc90rmz",33,"Male","Bachelor's degree","2026-07-06 17:56:12.501030"
"cz2icvzxsxyxdz5l4oppu10fc","cjnx616agwkkmvyo9y40pk0s2",32,"non-binary","Bachelor's degree","2026-07-06 18:00:17.599817"
"cxaol1wd9adxcqjx2zah2gbr4","cj2yluhgmamnc5biqecdzj608",28,"Female","Some college","2026-07-06 18:03:16.461310"
"c0jhrbkk8npztki8u5oh6np10","cqf1xxias8uba0058qib5806b",48,"male","Some college","2026-07-06 18:07:06.029139"
"c8x8rzlc03e4epw8f75lqy500","c4rnprurki47bi99dhsrg1y28",54,"Man","Bachelor's degree","2026-07-06 18:10:39.981905"
"cxsvj96k3p68x3quwamk7f43b","chu8ssilhmnaw60h2rfh5oeqb",41,"Male","High school diploma","2026-07-06 18:11:37.250767"
"c23hyxnf877bkdp2zvwh1fqeq","c8b0uyghj1j3havawfx4g6vm8",21,"Female","Bachelor's degree","2026-07-06 18:15:48.837640"
"c3pth6y7yqqrgoyljwwhpbchx","c86lnm24q8fx15w9hshuw1azz",21,"Prefer not to say","Bachelor's degree","2026-07-06 18:19:25.276956"
"coik0lmnk4rmpxdmdayej1fnr","ca28whr4lb5elyewbik99m742",30,"Male","Graduate degree","2026-07-06 18:20:47.121132"
"cwrhfi2s62u3lrmsqa7clgu8m","c5h40okg4bdg8k9ti665ri07r",41,"Female","Bachelor's degree","2026-07-06 18:24:29.644605"
"cw4njssy626r74sla5jnh9vdm","cxh6y4ros10qttwt6m8ue98j9",43,"Male","Graduate degree","2026-07-06 18:28:29.627272"
"cz808qczaz7y73a6bzvx4a9if","ckjtumznd0k2f3vz6mdm6p90c",26,"Woman","Some college","2026-07-06 18:30:42.271228"
"cdq9n0hyxkp3xx83b5w5fpzlb","cnqpd18iedm6noeczklj1kd6j",34,"Non-binary","Bachelor's degree","2026-07-06 18:31:43.824950"
"c3uppbq8yrpnio738qeyw0v3v","c96ha4buzib85aeju1ldfibo9",28,"Female","Some college","2026-07-06 18:34:00.101490"
"ciz91a4e0tqp0xo1q2c1dwyim","c0xiwarmi7qjwuveecylr609n",49,"Prefer not to say","Some college","2026-07-06 18:37:48.057243"
"cntjjq0yl3za0j3w6pl1y7fgu","c2qiyrbhcugkb41egz69ms01v",41,"Male","High school diploma","2026-07-06 18:42:09.067816"
"cjygtr4mbosoxpg34us4z0pd8","cp24iclxvnz66nwl0wfi8elqp",31,"Man","Bachelor's degree","2026-07-06 18:43:45.282422"
"c76vcullf1tvc6bw9a6pbocyc","cryak3qnvdc8s04bl2if7m2py",24,"Female","Some college","2026-07-06 18:47:21.886412"
"cgxyjpr7ong5d0ia0nye5qoyf","cg86sevrz95xi1znm4fp1c5qg",30,"Male","Less than high school","2026-07-06 18:50:41.914515"
