"id","participantId","phase","button","reinforced","respondedAt"
"cmr9mhyc7000204jpfb9zkomg","cmr9mh0th000104kzui9le7ue",1,"R2","f","2026-07-06 19:38:37.975"
"cmr9mhz3c000304jpkw5n41o1","cmr9mh0th000104kzui9le7ue",1,"R1","t","2026-07-06 19:38:38.952"
"cmr9mhzwx000404jpd66tbul7","cmr9mh0th000104kzui9le7ue",1,"R2","f","2026-07-06 19:38:40.017"
"cmr9mi0ik000504jprsfpg9uq","cmr9mh0th000104kzui9le7ue",1,"distractor","f","2026-07-06 19:38:40.796"
"cmr9mi1gt000604jp4ajpnti8","cmr9mh0th000104kzui9le7ue",1,"R1","t","2026-07-06 19:38:42.029"
"cmr9mi2nl000704jpshwzk97c","cmr9mh0th000104kzui9le7ue",1,"R1","t","2026-07-06 19:38:43.569"
"cmr9mi3yg000804jp6qqzrgn3","cmr9mh0th000104kzui9le7ue",1,"R1","t","2026-07-06 19:38:45.256"
"cmr9mi4rm000904jptwqqfblv","cmr9mh0th000104kzui9le7ue",1,"R1","t","2026-07-06 19:38:46.306"
"cmr9mi5oj000a04jpn633eyv7","cmr9mh0th000104kzui9le7ue",1,"R1","t","2026-07-06 19:38:47.491"
"cmr9mi7bg000c04jprscba0au","cmr9mh0th000104kzui9le7ue",1,"R1","t","2026-07-06 19:38:49.612"
"cmr9mi892000d04jpicq4eej1","cmr9mh0th000104kzui9le7ue",1,"R1","t","2026-07-06 19:38:50.822"
"cmr9mi930000e04jp7cnoeuo0","cmr9mh0th000104kzui9le7ue",1,"R1","t","2026-07-06 19:38:51.9"
"cmr9mia87000f04jpqscc3lx3","cmr9mh0th000104kzui9le7ue",1,"R1","t","2026-07-06 19:38:53.383"
"cmr9mibf9000g04jpsnytvv0u","cmr9mh0th000104kzui9le7ue",1,"R1","t","2026-07-06 19:38:54.933"
"cmr9micfv000h04jpzmgrcr81","cmr9mh0th000104kzui9le7ue",1,"R1","t","2026-07-06 19:38:56.251"
"cmr9midkh000i04jpsaxj0kco","cmr9mh0th000104kzui9le7ue",1,"R1","t","2026-07-06 19:38:57.713"
"cmr9mieha000j04jpkdfda95s","cmr9mh0th000104kzui9le7ue",1,"R1","t","2026-07-06 19:38:58.894"
"cmr9mif8n000k04jpoqz29sau","cmr9mh0th000104kzui9le7ue",1,"R2","f","2026-07-06 19:38:59.879"
"cmr9mighc000l04jp77rzrpy8","cmr9mh0th000104kzui9le7ue",1,"distractor","f","2026-07-06 19:39:01.488"
"cmr9mihim000m04jp2v6y0s58","cmr9mh0th000104kzui9le7ue",1,"R1","t","2026-07-06 19:39:02.83"
"cmr9miidw000n04jpyn3kiygk","cmr9mh0th000104kzui9le7ue",1,"R1","t","2026-07-06 19:39:03.956"
"cmr9mijdk000o04jpq8s8q5rr","cmr9mh0th000104kzui9le7ue",1,"R1","t","2026-07-06 19:39:05.24"
"cmr9mik4n000p04jpbd4eew2o","cmr9mh0th000104kzui9le7ue",1,"R1","t","2026-07-06 19:39:06.215"
"cmr9mikuh000q04jpwo1zaipg","cmr9mh0th000104kzui9le7ue",1,"R1","t","2026-07-06 19:39:07.145"
"cmr9milnf000r04jpzhpuwh7o","cmr9mh0th000104kzui9le7ue",1,"R1","t","2026-07-06 19:39:08.187"
"cmr9mimvu000s04jpos8fdtho","cmr9mh0th000104kzui9le7ue",1,"R1","t","2026-07-06 19:39:09.786"
"cmr9mio3m000t04jpipcov65m","cmr9mh0th000104kzui9le7ue",1,"R1","t","2026-07-06 19:39:11.362"
"cmr9mipl9000u04jplvlm2me2","cmr9mh0th000104kzui9le7ue",1,"R1","t","2026-07-06 19:39:13.293"
"cmr9miqvh000v04jpsk37zsu4","cmr9mh0th000104kzui9le7ue",1,"R2","f","2026-07-06 19:39:14.957"
"cmr9miskx000w04jp3hm9aqej","cmr9mh0th000104kzui9le7ue",1,"R1","t","2026-07-06 19:39:17.169"
"cmr9mitxs000x04jp0u3ooteq","cmr9mh0th000104kzui9le7ue",1,"R1","t","2026-07-06 19:39:18.928"
"cmr9miufv000y04jpxyr7icag","cmr9mh0th000104kzui9le7ue",1,"R1","t","2026-07-06 19:39:19.579"
"cmr9miuxk000z04jp6e6unm55","cmr9mh0th000104kzui9le7ue",1,"R1","t","2026-07-06 19:39:20.216"
"cmr9mivgt001004jpfucwqlsm","cmr9mh0th000104kzui9le7ue",1,"R1","t","2026-07-06 19:39:20.909"
"cmr9miw4p001104jpr7arqorf","cmr9mh0th000104kzui9le7ue",1,"R1","t","2026-07-06 19:39:21.769"
"cmr9miwpr001204jp6cqzqdze","cmr9mh0th000104kzui9le7ue",1,"R1","t","2026-07-06 19:39:22.527"
"cmr9mixh4001304jpb2tbccs2","cmr9mh0th000104kzui9le7ue",1,"R1","t","2026-07-06 19:39:23.512"
"cmr9miy94001404jpw71njdn3","cmr9mh0th000104kzui9le7ue",1,"R1","t","2026-07-06 19:39:24.52"
"cmr9mizki001504jpnwbpdhbm","cmr9mh0th000104kzui9le7ue",1,"R1","t","2026-07-06 19:39:26.226"
"cmr9mj0c3001604jpwhxhbjmc","cmr9mh0th000104kzui9le7ue",1,"R1","t","2026-07-06 19:39:27.219"
"cmr9mj3f5001704jp64jy6qps","cmr9mh0th000104kzui9le7ue",1,"R1","t","2026-07-06 19:39:31.217"
"cmr9mj578001804jphzep22g1","cmr9mh0th000104kzui9le7ue",1,"R1","t","2026-07-06 19:39:33.524"
"cmr9mj66g001904jp7o4rpf5g","cmr9mh0th000104kzui9le7ue",1,"R1","t","2026-07-06 19:39:34.792"
"cmr9mj6vh001a04jpo7qhicgg","cmr9mh0th000104kzui9le7ue",1,"R1","t","2026-07-06 19:39:35.693"
"cmr9mj7iv001b04jpu63xb3pd","cmr9mh0th000104kzui9le7ue",1,"R1","t","2026-07-06 19:39:36.535"
"cmr9mj9ov001c04jpcplfv779","cmr9mh0th000104kzui9le7ue",1,"R1","t","2026-07-06 19:39:39.343"
"cmr9mjal5001d04jpoxlbuyoz","cmr9mh0th000104kzui9le7ue",1,"R1","t","2026-07-06 19:39:40.505"
"cmr9mjbm3001e04jpyk7d5v4h","cmr9mh0th000104kzui9le7ue",1,"R1","t","2026-07-06 19:39:41.835"
"cmr9mjcoy001f04jp34b5jdf2","cmr9mh0th000104kzui9le7ue",1,"R1","t","2026-07-06 19:39:43.234"
"cmr9mjdg0001g04jpe18iljf7","cmr9mh0th000104kzui9le7ue",1,"R1","t","2026-07-06 19:39:44.208"
"cmr9mje7g001h04jplmupp74c","cmr9mh0th000104kzui9le7ue",1,"R1","t","2026-07-06 19:39:45.196"
"cmr9mjf0r001i04jp2elu564v","cmr9mh0th000104kzui9le7ue",1,"R1","t","2026-07-06 19:39:46.251"
"cmr9mjfl1001j04jpgkfcxojo","cmr9mh0th000104kzui9le7ue",1,"R1","t","2026-07-06 19:39:46.981"
"cmr9mjgdw001k04jpellxzchw","cmr9mh0th000104kzui9le7ue",1,"R1","t","2026-07-06 19:39:48.02"
"cmr9mjgy6001l04jpa6zyipn0","cmr9mh0th000104kzui9le7ue",1,"R1","t","2026-07-06 19:39:48.75"
"cmr9mjhbt001m04jpej0sbq5m","cmr9mh0th000104kzui9le7ue",1,"R1","t","2026-07-06 19:39:49.241"
"cmr9mjhs2001n04jpaa9avdp9","cmr9mh0th000104kzui9le7ue",1,"R1","t","2026-07-06 19:39:49.826"
"cmr9mji8c001o04jpnbwqk47b","cmr9mh0th000104kzui9le7ue",1,"R1","t","2026-07-06 19:39:50.412"
"cmr9mjif0001p04jpfdm78fi3","cmr9mh0th000104kzui9le7ue",1,"R1","t","2026-07-06 19:39:50.653"
"cmr9mjikr001q04jpqfd9o6a4","cmr9mh0th000104kzui9le7ue",1,"R1","t","2026-07-06 19:39:50.859"
"cmr9mjiv7001r04jpo1s6myrg","cmr9mh0th000104kzui9le7ue",1,"R1","t","2026-07-06 19:39:51.235"
"cmr9mjj46001s04jptn8s2l6d","cmr9mh0th000104kzui9le7ue",1,"R1","t","2026-07-06 19:39:51.558"
"cmr9mjjs1001t04jp1t0wwd4v","cmr9mh0th000104kzui9le7ue",1,"R1","t","2026-07-06 19:39:52.417"
"cmr9mjk8s001u04jpfox8mvoq","cmr9mh0th000104kzui9le7ue",1,"R1","t","2026-07-06 19:39:53.02"
"cmr9mjkob001v04jpcmev63tp","cmr9mh0th000104kzui9le7ue",1,"R1","t","2026-07-06 19:39:53.579"
"cmr9mjl8j001w04jpowhsbfid","cmr9mh0th000104kzui9le7ue",1,"R1","t","2026-07-06 19:39:54.307"
"cmr9mjlue001x04jpktkxwkyj","cmr9mh0th000104kzui9le7ue",1,"R1","t","2026-07-06 19:39:55.094"
"cmr9mjmg1001y04jpgvhep10f","cmr9mh0th000104kzui9le7ue",1,"R1","t","2026-07-06 19:39:55.873"
"cmr9mjn6q001z04jp1acubik7","cmr9mh0th000104kzui9le7ue",1,"R1","t","2026-07-06 19:39:56.834"
"cmr9mjnr7002004jpiocu4g49","cmr9mh0th000104kzui9le7ue",1,"R1","t","2026-07-06 19:39:57.571"
"cmr9mjonv002104jp9xquwlyk","cmr9mh0th000104kzui9le7ue",1,"R1","t","2026-07-06 19:39:58.747"
"cmr9mjp6r002204jp7qcu0810","cmr9mh0th000104kzui9le7ue",1,"R1","t","2026-07-06 19:39:59.427"
"cmr9mjpph002304jpthbkvslt","cmr9mh0th000104kzui9le7ue",1,"R1","t","2026-07-06 19:40:00.102"
"cmr9mjq9q002404jpr208jt7t","cmr9mh0th000104kzui9le7ue",1,"R1","t","2026-07-06 19:40:00.831"
"cmr9mjqsd002504jpm7x132fm","cmr9mh0th000104kzui9le7ue",1,"R1","t","2026-07-06 19:40:01.501"
"cmr9mjr9a002604jp2r0bhyu8","cmr9mh0th000104kzui9le7ue",1,"R1","t","2026-07-06 19:40:02.11"
"cmr9mjrrn002704jpro87i68l","cmr9mh0th000104kzui9le7ue",1,"R1","t","2026-07-06 19:40:02.771"
"cmr9mjsly002804jpqd8alrbq","cmr9mh0th000104kzui9le7ue",1,"R1","t","2026-07-06 19:40:03.862"
"cmr9mjsxi002904jppwky4o7l","cmr9mhsdc000104jpygg87e43",1,"R1","t","2026-07-06 19:40:04.278"
"cmr9mjt4w002a04jpq2olvrps","cmr9mh0th000104kzui9le7ue",1,"R1","t","2026-07-06 19:40:04.544"
"cmr9mjtnb002b04jpay2vpe90","cmr9mh0th000104kzui9le7ue",1,"R1","t","2026-07-06 19:40:05.207"
"cmr9mju0l002c04jpwobd8fdc","cmr9mhsdc000104jpygg87e43",1,"R2","f","2026-07-06 19:40:05.685"
"cmr9mju6f002d04jpmf905gv8","cmr9mh0th000104kzui9le7ue",1,"R1","t","2026-07-06 19:40:05.895"
"cmr9mjusi002e04jpjfo00plq","cmr9mh0th000104kzui9le7ue",1,"R1","t","2026-07-06 19:40:06.69"
"cmr9mjv8d002f04jpzjbhhg39","cmr9mh0th000104kzui9le7ue",1,"R1","t","2026-07-06 19:40:07.261"
"cmr9mjwg7002g04jporvb1m4t","cmr9mh0th000104kzui9le7ue",1,"R1","t","2026-07-06 19:40:08.839"
"cmr9mjwx3002h04jprf5l542o","cmr9mh0th000104kzui9le7ue",1,"R1","t","2026-07-06 19:40:09.447"
"cmr9mjxe2002i04jpf94xf61z","cmr9mh0th000104kzui9le7ue",1,"R1","t","2026-07-06 19:40:10.058"
"cmr9mjxv3002j04jp1t5roxk9","cmr9mh0th000104kzui9le7ue",1,"R1","t","2026-07-06 19:40:10.671"
"cmr9mjy7o002k04jpv7ejenfj","cmr9mhsdc000104jpygg87e43",1,"distractor","f","2026-07-06 19:40:11.124"
"cmr9mjyd9002l04jpsjxfuzsz","cmr9mh0th000104kzui9le7ue",1,"R1","t","2026-07-06 19:40:11.325"
"cmr9mjyvp002m04jpl558a2l2","cmr9mh0th000104kzui9le7ue",1,"R1","t","2026-07-06 19:40:11.989"
"cmr9mjz1f002n04jphww769t8","cmr9mhsdc000104jpygg87e43",1,"R1","t","2026-07-06 19:40:12.195"
"cmr9mjzda002o04jp7ztsslkq","cmr9mh0th000104kzui9le7ue",1,"R1","t","2026-07-06 19:40:12.622"
"cmr9mjzv3002p04jpki5rh3n1","cmr9mh0th000104kzui9le7ue",1,"R1","t","2026-07-06 19:40:13.263"
"cmr9mk1c8002q04jpmifwhyhf","cmr9mh0th000104kzui9le7ue",1,"R1","t","2026-07-06 19:40:15.176"
"cmr9mk1nb002r04jp8qrvpkcp","cmr9mhsdc000104jpygg87e43",1,"R1","t","2026-07-06 19:40:15.575"
"cmr9mk1vo002s04jpuoehhykz","cmr9mh0th000104kzui9le7ue",1,"R1","t","2026-07-06 19:40:15.88"
"cmr9mk26z002t04jpm5dvwrky","cmr9mh0th000104kzui9le7ue",1,"R1","t","2026-07-06 19:40:16.283"
"cmr9mk3et002u04jpejbj5qks","cmr9mh0th000104kzui9le7ue",1,"R1","t","2026-07-06 19:40:17.861"
"cmr9mk4ek002v04jp291uhqro","cmr9mh0th000104kzui9le7ue",1,"R1","t","2026-07-06 19:40:19.148"
"cmr9mk4z0002w04jpnyctak9e","cmr9mh0th000104kzui9le7ue",1,"R1","t","2026-07-06 19:40:19.884"
"cmr9mk5k7002x04jpg2ar1b8y","cmr9mhsdc000104jpygg87e43",1,"R1","t","2026-07-06 19:40:20.647"
"cmr9mk6mm002y04jp127pt6sc","cmr9mh0th000104kzui9le7ue",1,"R1","t","2026-07-06 19:40:22.03"
"cmr9mk7dy002z04jpll4znekw","cmr9mh0th000104kzui9le7ue",1,"R1","t","2026-07-06 19:40:23.015"
"cmr9mk7rq003004jpttjzauv7","cmr9mh0th000104kzui9le7ue",1,"R1","t","2026-07-06 19:40:23.51"
"cmr9mk8q7003104jp61egdxh9","cmr9mhsdc000104jpygg87e43",1,"R2","f","2026-07-06 19:40:24.751"
"cmr9mk8ul003204jp9lfw2vif","cmr9mh0th000104kzui9le7ue",1,"R1","t","2026-07-06 19:40:24.909"
"cmr9mk9h4003304jpxcbsizud","cmr9mhsdc000104jpygg87e43",1,"R1","t","2026-07-06 19:40:25.72"
"cmr9mk9k4003404jpev9968p2","cmr9mh0th000104kzui9le7ue",1,"R1","t","2026-07-06 19:40:25.828"
"cmr9mk9ys003504jpoz0m3kvi","cmr9mhsdc000104jpygg87e43",1,"R2","f","2026-07-06 19:40:26.356"
"cmr9mka0q003604jps6h0edss","cmr9mh0th000104kzui9le7ue",1,"R1","t","2026-07-06 19:40:26.426"
"cmr9mka46003704jpu5th6bse","cmr9mhsdc000104jpygg87e43",1,"R2","f","2026-07-06 19:40:26.55"
"cmr9mkakg003904jpnwpk6k9y","cmr9mh0th000104kzui9le7ue",1,"R1","t","2026-07-06 19:40:27.136"
"cmr9mkbdd003a04jpdw5w9lmx","cmr9mh0th000104kzui9le7ue",1,"R1","t","2026-07-06 19:40:28.177"
"cmr9mkbez003b04jpzjfi7res","cmr9mhsdc000104jpygg87e43",1,"R2","f","2026-07-06 19:40:28.235"
"cmr9mkbja003c04jplkbzsykk","cmr9mhsdc000104jpygg87e43",1,"R2","f","2026-07-06 19:40:28.39"
"cmr9mkbzb003d04jpdzstbqcs","cmr9mh0th000104kzui9le7ue",1,"R1","t","2026-07-06 19:40:28.967"
"cmr9mkd2q003e04jppcl8h1p4","cmr9mhsdc000104jpygg87e43",1,"R2","f","2026-07-06 19:40:30.386"
"cmr9mkd77003f04jpuwltoihs","cmr9mhsdc000104jpygg87e43",1,"R2","f","2026-07-06 19:40:30.547"
"cmr9mkdfq003g04jpo0249zwe","cmr9mh0th000104kzui9le7ue",1,"R1","t","2026-07-06 19:40:30.854"
"cmr9mke3s003h04jp7r6jahxw","cmr9mh0th000104kzui9le7ue",1,"R1","t","2026-07-06 19:40:31.72"
"cmr9mke4s003i04jpo9zw9qvr","cmr9mhsdc000104jpygg87e43",1,"distractor","f","2026-07-06 19:40:31.756"
"cmr9mke98003j04jplizvdp8g","cmr9mhsdc000104jpygg87e43",1,"distractor","f","2026-07-06 19:40:31.916"
"cmr9mkets003k04jpccg306u5","cmr9mh0th000104kzui9le7ue",1,"R1","t","2026-07-06 19:40:32.656"
"cmr9mkf5k003l04jppn73twc1","cmr9mhsdc000104jpygg87e43",1,"R1","t","2026-07-06 19:40:33.08"
"cmr9mkfet003m04jpl8oslm62","cmr9mh0th000104kzui9le7ue",1,"R1","t","2026-07-06 19:40:33.413"
"cmr9mkfw2003n04jpugnjn15z","cmr9mh0th000104kzui9le7ue",1,"R1","t","2026-07-06 19:40:34.034"
"cmr9mkgzs003o04jpfisi8hqd","cmr9mh0th000104kzui9le7ue",1,"R1","t","2026-07-06 19:40:35.464"
"cmr9mkhg2003p04jp3w8p3d2i","cmr9mh0th000104kzui9le7ue",1,"R1","t","2026-07-06 19:40:36.05"
"cmr9mkhxf003q04jpucc05xkp","cmr9mhsdc000104jpygg87e43",1,"distractor","f","2026-07-06 19:40:36.675"
"cmr9mki1v003r04jpeqgxbgv3","cmr9mhsdc000104jpygg87e43",1,"distractor","f","2026-07-06 19:40:36.835"
"cmr9mkjv3003s04jp1tlumsna","cmr9mhsdc000104jpygg87e43",1,"R1","t","2026-07-06 19:40:39.183"
"cmr9mkkkj003t04jpilomizqi","cmr9mgzke000004kz8x7mjbr7",1,"R2","f","2026-07-06 19:40:40.099"
"cmr9mkknh003u04jpqndivndi","cmr9mh0th000104kzui9le7ue",2,"distractor","f","2026-07-06 19:40:40.205"
"cmr9mkkz5003v04jp5h58crpi","cmr9mhsdc000104jpygg87e43",1,"R1","t","2026-07-06 19:40:40.625"
"cmr9mkl3j003w04jpa3mob5gl","cmr9mhsdc000104jpygg87e43",1,"R1","t","2026-07-06 19:40:40.783"
"cmr9mklgw003x04jpv4jqcc6h","cmr9mh0th000104kzui9le7ue",2,"R2","t","2026-07-06 19:40:41.264"
"cmr9mkmb4003y04jpwl3ghhju","cmr9mh0th000104kzui9le7ue",2,"R2","t","2026-07-06 19:40:42.352"
"cmr9mkmic003z04jp9p6oqxb0","cmr9mgzke000004kz8x7mjbr7",1,"R1","t","2026-07-06 19:40:42.612"
"cmr9mkn37004004jp2b9lpu5j","cmr9mh0th000104kzui9le7ue",2,"R1","f","2026-07-06 19:40:43.363"
"cmr9mkn6u004104jphif5ldxy","cmr9mgzke000004kz8x7mjbr7",1,"distractor","f","2026-07-06 19:40:43.494"
"cmr9mknie000004ju7qxlzsi0","cmr9mhsdc000104jpygg87e43",1,"distractor","f","2026-07-06 19:40:43.91"
"cmr9mknoc000104jututsg2oa","cmr9mhsdc000104jpygg87e43",1,"distractor","f","2026-07-06 19:40:44.124"
"cmr9mknsp000204juwgfnv4g3","cmr9mhsdc000104jpygg87e43",1,"distractor","f","2026-07-06 19:40:44.281"
"cmr9mko56000304juy2nthkct","cmr9mh0th000104kzui9le7ue",2,"R2","t","2026-07-06 19:40:44.73"
"cmr9mkoll000404ju6wwt8igz","cmr9mh0th000104kzui9le7ue",2,"R2","t","2026-07-06 19:40:45.321"
"cmr9mkoq5000504juslpmpnp4","cmr9mgzke000004kz8x7mjbr7",1,"R1","t","2026-07-06 19:40:45.485"
"cmr9mkozg000604jurx1x7tv1","cmr9mgzke000004kz8x7mjbr7",1,"R1","t","2026-07-06 19:40:45.82"
"cmr9mkp6e000704jug6pd5ref","cmr9mh0th000104kzui9le7ue",2,"R2","t","2026-07-06 19:40:46.07"
"cmr9mkpkt000804ju3kflrnnt","cmr9mhsdc000104jpygg87e43",1,"R2","f","2026-07-06 19:40:46.589"
"cmr9mkpp6000904juhvckh9xs","cmr9mhsdc000104jpygg87e43",1,"R2","f","2026-07-06 19:40:46.746"
"cmr9mkq1f000a04juzhu2dl52","cmr9mgzke000004kz8x7mjbr7",1,"R1","t","2026-07-06 19:40:47.187"
"cmr9mkq41000b04jum5s4w5t6","cmr9mh0th000104kzui9le7ue",2,"R2","t","2026-07-06 19:40:47.282"
"cmr9mkqhb000c04jummfo6c1v","cmr9mgzke000004kz8x7mjbr7",1,"R1","t","2026-07-06 19:40:47.759"
"cmr9mkqjb000d04ju4l6y3mkm","cmr9mhsdc000104jpygg87e43",1,"R2","f","2026-07-06 19:40:47.831"
"cmr9mkqkp000e04jue5zxtl6r","cmr9mh0th000104kzui9le7ue",2,"R2","t","2026-07-06 19:40:47.881"
"cmr9mkqnu000f04juatj7zhpf","cmr9mhsdc000104jpygg87e43",1,"R2","f","2026-07-06 19:40:47.994"
"cmr9mkr3d000g04ju05gly9xo","cmr9mh0th000104kzui9le7ue",2,"R2","t","2026-07-06 19:40:48.554"
"cmr9mkrbc000h04ju3kyu5r80","cmr9mhsdc000104jpygg87e43",1,"R2","f","2026-07-06 19:40:48.84"
"cmr9mkrlv000i04juzecjq7gp","cmr9mh0th000104kzui9le7ue",2,"R2","t","2026-07-06 19:40:49.219"
"cmr9mks5e000j04juy5mivfwt","cmr9mh0th000104kzui9le7ue",2,"R2","t","2026-07-06 19:40:49.922"
"cmr9mks6g000k04juypb2smvz","cmr9mhsdc000104jpygg87e43",1,"distractor","f","2026-07-06 19:40:49.96"
"cmr9mks8l000l04julkw4xjtt","cmr9mgzke000004kz8x7mjbr7",1,"R1","t","2026-07-06 19:40:50.037"
"cmr9mksav000m04ju3av0j0pr","cmr9mhsdc000104jpygg87e43",1,"distractor","f","2026-07-06 19:40:50.119"
"cmr9mksmz000n04junsb0grlr","cmr9mh0th000104kzui9le7ue",2,"R2","t","2026-07-06 19:40:50.555"
"cmr9mkt62000o04jukg2t0gqj","cmr9mh0th000104kzui9le7ue",2,"R2","t","2026-07-06 19:40:51.242"
"cmr9mktoj000p04jui93anzfq","cmr9mgzke000004kz8x7mjbr7",1,"R1","t","2026-07-06 19:40:51.907"
"cmr9mktxe000q04ju3pbo7p3w","cmr9mh0th000104kzui9le7ue",2,"R2","t","2026-07-06 19:40:52.227"
"cmr9mkue7000r04jusb20wnxr","cmr9mgzke000004kz8x7mjbr7",1,"R1","t","2026-07-06 19:40:52.831"
"cmr9mkuip000s04ju5b81ihz4","cmr9mh0th000104kzui9le7ue",2,"R2","t","2026-07-06 19:40:52.993"
"cmr9mkuj6000t04ju6f47dpbb","cmr9mhsdc000104jpygg87e43",1,"distractor","f","2026-07-06 19:40:53.01"
"cmr9mkuj6004204jpitninh1p","cmr9mgzke000004kz8x7mjbr7",1,"distractor","f","2026-07-06 19:40:53.01"
"cmr9mkund004304jpkolzglrc","cmr9mgzke000004kz8x7mjbr7",1,"distractor","f","2026-07-06 19:40:53.161"
"cmr9mkunj000u04jun91idl13","cmr9mhsdc000104jpygg87e43",1,"distractor","f","2026-07-06 19:40:53.167"
"cmr9mkurx000v04jumrbazrk3","cmr9mhsdc000104jpygg87e43",1,"distractor","f","2026-07-06 19:40:53.325"
"cmr9mkutd000w04ju8yzkd2xb","cmr9mgzke000004kz8x7mjbr7",1,"distractor","f","2026-07-06 19:40:53.378"
"cmr9mkuwc000x04juhebk4b98","cmr9mhsdc000104jpygg87e43",1,"distractor","f","2026-07-06 19:40:53.484"
"cmr9mkuy2000y04juz5j8bkdc","cmr9mgzke000004kz8x7mjbr7",1,"distractor","f","2026-07-06 19:40:53.546"
"cmr9mkv0r000z04juuxzis592","cmr9mhsdc000104jpygg87e43",1,"distractor","f","2026-07-06 19:40:53.643"
"cmr9mkvps001004jur6p7m471","cmr9mhsdc000104jpygg87e43",1,"R2","f","2026-07-06 19:40:54.544"
"cmr9mkvvt001104jue3p0r39g","cmr9mgzke000004kz8x7mjbr7",1,"R1","t","2026-07-06 19:40:54.761"
"cmr9mkw1o001204jugrm5kfkq","cmr9mgzke000004kz8x7mjbr7",1,"R1","t","2026-07-06 19:40:54.972"
"cmr9mkw48001304jubcyrqtlq","cmr9mh0th000104kzui9le7ue",2,"R2","t","2026-07-06 19:40:55.064"
"cmr9mkwzm00000aglw1evnofz","cmr9mhsdc000104jpygg87e43",1,"distractor","f","2026-07-06 19:40:56.194"
"cmr9mkx1400010agl0kmqvfo3","cmr9mgzke000004kz8x7mjbr7",1,"R1","t","2026-07-06 19:40:56.248"
"cmr9mkx6600020agl5rl56kxv","cmr9mhsdc000104jpygg87e43",1,"distractor","f","2026-07-06 19:40:56.43"
"cmr9mkx6o00030agli6h5jinp","cmr9mgzke000004kz8x7mjbr7",1,"R1","t","2026-07-06 19:40:56.448"
"cmr9mkxa800040aglfhqnapls","cmr9mhsdc000104jpygg87e43",1,"R2","f","2026-07-06 19:40:56.576"
"cmr9mkxeg00050agljbzlux2t","cmr9mhsdc000104jpygg87e43",1,"R2","f","2026-07-06 19:40:56.728"
"cmr9mkxii00060aglsepba869","cmr9mhsdc000104jpygg87e43",1,"R2","f","2026-07-06 19:40:56.874"
"cmr9mkyg700070agl79s3ebr5","cmr9mh0th000104kzui9le7ue",2,"R2","t","2026-07-06 19:40:58.087"
"cmr9mkyly00080aglvll34e3t","cmr9mgzke000004kz8x7mjbr7",1,"R1","t","2026-07-06 19:40:58.294"
"cmr9mkyqa00090aglidwtxl8q","cmr9mgzke000004kz8x7mjbr7",1,"R1","t","2026-07-06 19:40:58.45"
"cmr9mkyvs000a0agl16vyod0c","cmr9mh0th000104kzui9le7ue",2,"R2","t","2026-07-06 19:40:58.648"
"cmr9mkzkf001404ju7wdq3ojb","cmr9mh0th000104kzui9le7ue",2,"R2","t","2026-07-06 19:40:59.535"
"cmr9mkzng001504ju85s9y5yy","cmr9mgzke000004kz8x7mjbr7",1,"R1","t","2026-07-06 19:40:59.644"
"cmr9mkzq9000b0agl79qoc6xd","cmr9mgzke000004kz8x7mjbr7",1,"R1","t","2026-07-06 19:40:59.745"
"cmr9mkzvc000c0aglbhg9nlrk","cmr9mh0th000104kzui9le7ue",2,"R2","t","2026-07-06 19:40:59.928"
"cmr9ml0ml001604juiufswz1g","cmr9mgzke000004kz8x7mjbr7",1,"R1","t","2026-07-06 19:41:00.909"
"cmr9ml0pk000d0agl9umvoaox","cmr9mgzke000004kz8x7mjbr7",1,"R1","t","2026-07-06 19:41:01.016"
"cmr9ml0xn000e0agleuv3824p","cmr9mgzke000004kz8x7mjbr7",1,"R2","f","2026-07-06 19:41:01.307"
"cmr9ml0vj000009ji694jikv1","cmr9mh0th000104kzui9le7ue",2,"R2","t","2026-07-06 19:41:01.231"
"cmr9ml136000f0agltc73yeh3","cmr9mgzke000004kz8x7mjbr7",1,"R2","f","2026-07-06 19:41:01.506"
"cmr9ml181000109jiu24cso7y","cmr9mh0th000104kzui9le7ue",2,"R2","t","2026-07-06 19:41:01.682"
"cmr9ml220000209jice3f5pe5","cmr9mh0th000104kzui9le7ue",2,"R2","t","2026-07-06 19:41:02.761"
"cmr9ml236000309ji5s0b5a7u","cmr9mhsdc000104jpygg87e43",1,"R2","f","2026-07-06 19:41:02.802"
"cmr9ml25t000409jiufvs00kh","cmr9mgzke000004kz8x7mjbr7",1,"distractor","f","2026-07-06 19:41:02.897"
"cmr9ml28w000509jicatw66id","cmr9mhsdc000104jpygg87e43",1,"R2","f","2026-07-06 19:41:03.008"
"cmr9ml2ul000g0aglnqhy666z","cmr9mh0th000104kzui9le7ue",2,"R2","t","2026-07-06 19:41:03.789"
"cmr9ml3ni001704juqfc5x26x","cmr9mh0th000104kzui9le7ue",2,"R2","t","2026-07-06 19:41:04.83"
"cmr9ml418000609jipgyv8slt","cmr9mh0th000104kzui9le7ue",2,"distractor","f","2026-07-06 19:41:05.324"
"cmr9ml47y00000ajml8ukgw70","cmr9mhsdc000104jpygg87e43",1,"R2","f","2026-07-06 19:41:05.566"
"cmr9ml4dm00010ajm3ypeep29","cmr9mhsdc000104jpygg87e43",1,"R2","f","2026-07-06 19:41:05.77"
"cmr9ml4hq00020ajmqit3zc5i","cmr9mhsdc000104jpygg87e43",1,"R2","f","2026-07-06 19:41:05.918"
"cmr9ml4k400030ajmoa007d5p","cmr9mgzke000004kz8x7mjbr7",1,"R1","t","2026-07-06 19:41:06.004"
"cmr9ml4lb00040ajmfzs2fyv2","cmr9mh0th000104kzui9le7ue",2,"R2","t","2026-07-06 19:41:06.047"
"cmr9ml535000709jixkxcouft","cmr9mh0th000104kzui9le7ue",2,"R2","t","2026-07-06 19:41:06.689"
"cmr9ml5pa00050ajmx1wn864d","cmr9mgzke000004kz8x7mjbr7",1,"R1","t","2026-07-06 19:41:07.486"
"cmr9ml64y00000akq26df4yyw","cmr9mh0th000104kzui9le7ue",2,"R2","t","2026-07-06 19:41:08.051"
"cmr9ml7as00010akqjbtng3xp","cmr9mh0th000104kzui9le7ue",2,"R2","t","2026-07-06 19:41:09.556"
"cmr9ml82y00060ajmrq0nb0ps","cmr9mh0th000104kzui9le7ue",2,"R2","t","2026-07-06 19:41:10.57"
"cmr9ml8sn001804juqiz0c9xk","cmr9mh0th000104kzui9le7ue",2,"R2","t","2026-07-06 19:41:11.495"
"cmr9ml8vh00020akqcavuk3hv","cmr9mgzke000004kz8x7mjbr7",1,"R1","t","2026-07-06 19:41:11.597"
"cmr9ml90y00030akqngrstmzx","cmr9mgzke000004kz8x7mjbr7",1,"R1","t","2026-07-06 19:41:11.794"
"cmr9ml91s00040akqexoign4e","cmr9mhsdc000104jpygg87e43",1,"distractor","f","2026-07-06 19:41:11.824"
"cmr9ml95v00050akqzhz2qbs3","cmr9mgzke000004kz8x7mjbr7",1,"R1","t","2026-07-06 19:41:11.971"
"cmr9ml9b800060akq6z9zr69x","cmr9mgzke000004kz8x7mjbr7",1,"R1","t","2026-07-06 19:41:12.164"
"cmr9ml9kn00070akqge68rwzp","cmr9mh0th000104kzui9le7ue",2,"R2","t","2026-07-06 19:41:12.503"
"cmr9mlac000070ajmwym0ymx6","cmr9mh0th000104kzui9le7ue",2,"R2","t","2026-07-06 19:41:13.488"
"cmr9mlaqz00000akfygdrhrrf","cmr9mhsdc000104jpygg87e43",1,"distractor","f","2026-07-06 19:41:14.028"
"cmr9mlauj000h0aglnwn8tm79","cmr9mh0th000104kzui9le7ue",2,"R2","t","2026-07-06 19:41:14.155"
"cmr9mlawx001904jugu4y0tfr","cmr9mgzke000004kz8x7mjbr7",1,"R1","t","2026-07-06 19:41:14.241"
"cmr9mlayn00010akf7bn8tug2","cmr9mhsdc000104jpygg87e43",1,"distractor","f","2026-07-06 19:41:14.303"
"cmr9mlazy00020akfmisabu9l","cmr9mgzke000004kz8x7mjbr7",1,"R1","t","2026-07-06 19:41:14.35"
"cmr9mlb3600030akfj0meh9gn","cmr9mhsdc000104jpygg87e43",1,"distractor","f","2026-07-06 19:41:14.467"
"cmr9mlb4700040akf96ejn49d","cmr9mgzke000004kz8x7mjbr7",1,"R1","t","2026-07-06 19:41:14.503"
"cmr9mlb7o00050akf5w92h0ew","cmr9mhsdc000104jpygg87e43",1,"distractor","f","2026-07-06 19:41:14.628"
"cmr9mlbcm00060akfbhxitmaz","cmr9mhsdc000104jpygg87e43",1,"distractor","f","2026-07-06 19:41:14.806"
"cmr9mlbeg00070akfalwb3dio","cmr9mh0th000104kzui9le7ue",2,"R2","t","2026-07-06 19:41:14.872"
"cmr9mlc4o00080akqaaz6n2x8","cmr9mgzke000004kz8x7mjbr7",1,"R1","t","2026-07-06 19:41:15.816"
"cmr9mlcbl00080akfnwu9lyfb","cmr9mgzke000004kz8x7mjbr7",1,"R1","t","2026-07-06 19:41:16.065"
"cmr9mlc9t000009kufrmot18d","cmr9mh0th000104kzui9le7ue",2,"R2","t","2026-07-06 19:41:16.001"
"cmr9mlcg8000109kutlj8z8hl","cmr9mgzke000004kz8x7mjbr7",1,"R1","t","2026-07-06 19:41:16.234"
"cmr9mlcld000209kue1ovowot","cmr9mgzke000004kz8x7mjbr7",1,"R1","t","2026-07-06 19:41:16.417"
"cmr9mlcqy000309kuut6kpejd","cmr9mgzke000004kz8x7mjbr7",1,"R1","t","2026-07-06 19:41:16.618"
"cmr9mlct3000409kuzvs6k2v7","cmr9mhsdc000104jpygg87e43",1,"distractor","f","2026-07-06 19:41:16.695"
"cmr9mlcx1000509ku6ayab6p2","cmr9mh0th000104kzui9le7ue",2,"R2","t","2026-07-06 19:41:16.837"
"cmr9mlcxr00090akqjq681tqi","cmr9mhsdc000104jpygg87e43",1,"distractor","f","2026-07-06 19:41:16.863"
"cmr9mldm9001a04juspa2x88t","cmr9mh0th000104kzui9le7ue",2,"R2","t","2026-07-06 19:41:17.745"
"cmr9mldl8000809jine4j2kii","cmr9mgzke000004kz8x7mjbr7",1,"R1","t","2026-07-06 19:41:17.708"
"cmr9mldr5000609ku4ri5cv20","cmr9mgzke000004kz8x7mjbr7",1,"R1","t","2026-07-06 19:41:17.921"
"cmr9mldvf000709kuj7g7eczg","cmr9mhsdc000104jpygg87e43",1,"R2","f","2026-07-06 19:41:18.075"
"cmr9mle0v000809kupu8jefy3","cmr9mhsdc000104jpygg87e43",1,"R2","f","2026-07-06 19:41:18.272"
"cmr9mlelg000a0akq9p41zq37","cmr9mgzke000004kz8x7mjbr7",1,"R1","t","2026-07-06 19:41:19.012"
"cmr9mlf4i000009kpfnu8w6p1","cmr9mgzke000004kz8x7mjbr7",1,"R1","t","2026-07-06 19:41:19.698"
"cmr9mlfb5000109kpadjawoyw","cmr9mgzke000004kz8x7mjbr7",1,"R1","t","2026-07-06 19:41:19.938"
"cmr9mlfe0000209kpjv9j7ecj","cmr9mhsdc000104jpygg87e43",1,"R1","t","2026-07-06 19:41:20.04"
"cmr9mlfon000309kpjjg0wn8y","cmr9mh0th000104kzui9le7ue",2,"R2","t","2026-07-06 19:41:20.423"
"cmr9mlfpp000409kphaitidxc","cmr9mgzke000004kz8x7mjbr7",1,"R1","t","2026-07-06 19:41:20.461"
"cmr9mlfv0000509kp8dgodlij","cmr9mgzke000004kz8x7mjbr7",1,"R1","t","2026-07-06 19:41:20.652"
"cmr9mlg0r000609kpz4vj4xup","cmr9mgzke000004kz8x7mjbr7",1,"R1","t","2026-07-06 19:41:20.859"
"cmr9mlg6u000709kpcyhqqlq7","cmr9mgzke000004kz8x7mjbr7",1,"R1","t","2026-07-06 19:41:21.078"
"cmr9mlghm000809kp37rs97vy","cmr9mgzke000004kz8x7mjbr7",1,"distractor","f","2026-07-06 19:41:21.466"
"cmr9mlgmq000909kpmj90p0qg","cmr9mh0th000104kzui9le7ue",2,"R2","t","2026-07-06 19:41:21.65"
"cmr9mlgn0000a09kp1b6ibwn9","cmr9mgzke000004kz8x7mjbr7",1,"distractor","f","2026-07-06 19:41:21.66"
"cmr9mlgrv000b09kpbr23unvj","cmr9mgzke000004kz8x7mjbr7",1,"distractor","f","2026-07-06 19:41:21.835"
"cmr9mlhay001b04jutv021n0t","cmr9mh0th000104kzui9le7ue",2,"R2","t","2026-07-06 19:41:22.522"
"cmr9mlhfp000909kudnhuq2k5","cmr9mgzke000004kz8x7mjbr7",1,"R1","t","2026-07-06 19:41:22.693"
"cmr9mli8900090akfo4ue46s1","cmr9mhsdc000104jpygg87e43",1,"R2","f","2026-07-06 19:41:23.721"
"cmr9mlitw00000akwzuj9dx4j","cmr9mgzke000004kz8x7mjbr7",1,"R1","t","2026-07-06 19:41:24.5"
"cmr9mlj5800010akwfc4l9lh1","cmr9mhsdc000104jpygg87e43",1,"R2","f","2026-07-06 19:41:24.908"
"cmr9mljh900020akw1yraxh4e","cmr9mh0th000104kzui9le7ue",2,"R2","t","2026-07-06 19:41:25.341"
"cmr9mljyu000c09kpnr4oqwlj","cmr9mgzke000004kz8x7mjbr7",1,"R1","t","2026-07-06 19:41:25.974"
"cmr9mlk04000d09kpcvfoq104","cmr9mh0th000104kzui9le7ue",2,"R2","t","2026-07-06 19:41:26.02"
"cmr9mlk4t000e09kp2z0cvm6z","cmr9mgzke000004kz8x7mjbr7",1,"R1","t","2026-07-06 19:41:26.189"
"cmr9mlka700030akweor8e34q","cmr9mgzke000004kz8x7mjbr7",1,"R1","t","2026-07-06 19:41:26.383"
"cmr9mlko800040akwf0a9eeww","cmr9mhsdc000104jpygg87e43",1,"distractor","f","2026-07-06 19:41:26.888"
"cmr9mlkqw00050akwdt93abty","cmr9mh0th000104kzui9le7ue",2,"R2","t","2026-07-06 19:41:26.984"
"cmr9mllo2000f09kpqa0xc7zl","cmr9mh0th000104kzui9le7ue",2,"R2","t","2026-07-06 19:41:28.178"
"cmr9mlm6s001c04juogl6j1fi","cmr9mgzke000004kz8x7mjbr7",1,"R1","t","2026-07-06 19:41:28.852"
"cmr9mlm9n000b0akqh2mqnflk","cmr9mgzke000004kz8x7mjbr7",1,"R1","t","2026-07-06 19:41:28.955"
"cmr9mlmdm000a0akf1fn7tnz2","cmr9mh0th000104kzui9le7ue",2,"R2","t","2026-07-06 19:41:29.098"
"cmr9mln0x001d04jux6sp2j0h","cmr9mgzke000004kz8x7mjbr7",1,"R1","t","2026-07-06 19:41:29.937"
"cmr9mln7z00060akwygbi8rcb","cmr9mh0th000104kzui9le7ue",2,"R2","t","2026-07-06 19:41:30.191"
"cmr9mlnhm00000akqteaekidv","cmr9mgzke000004kz8x7mjbr7",1,"R1","t","2026-07-06 19:41:30.538"
"cmr9mlnk200010akqb3zwdaw1","cmr9mhsdc000104jpygg87e43",1,"R2","f","2026-07-06 19:41:30.626"
"cmr9mlnn200020akqehkq91ud","cmr9mgzke000004kz8x7mjbr7",1,"R1","t","2026-07-06 19:41:30.734"
"cmr9mlnrh00030akqd8ksqpk9","cmr9mgzke000004kz8x7mjbr7",1,"R1","t","2026-07-06 19:41:30.893"
"cmr9mlnu200040akqhycvb5qs","cmr9mh0th000104kzui9le7ue",2,"R2","t","2026-07-06 19:41:30.986"
"cmr9mlnx400050akq2tflu6z0","cmr9mgzke000004kz8x7mjbr7",1,"R1","t","2026-07-06 19:41:31.096"
"cmr9mlpa3000g09kpgw407i9l","cmr9mh0th000104kzui9le7ue",2,"R2","t","2026-07-06 19:41:32.859"
"cmr9mlphc00060akqmxdkjag3","cmr9mhsdc000104jpygg87e43",1,"distractor","f","2026-07-06 19:41:33.121"
"cmr9mlpk600070akqyl124sfe","cmr9mgzke000004kz8x7mjbr7",1,"R1","t","2026-07-06 19:41:33.222"
"cmr9mlppk00080akq4vm6jjhq","cmr9mgzke000004kz8x7mjbr7",1,"R1","t","2026-07-06 19:41:33.416"
"cmr9mlprz00090akq87zrjrhu","cmr9mh0th000104kzui9le7ue",2,"R2","t","2026-07-06 19:41:33.503"
"cmr9mlqay000h09kpv21k9huv","cmr9mh0th000104kzui9le7ue",2,"R2","t","2026-07-06 19:41:34.186"
"cmr9mlqm2000a0akq069of2n7","cmr9mgzke000004kz8x7mjbr7",1,"R1","t","2026-07-06 19:41:34.586"
"cmr9mlqu9000b0akq9hwu0hbp","cmr9mgzke000004kz8x7mjbr7",1,"R1","t","2026-07-06 19:41:34.881"
"cmr9mlqul000c0akq6u2mejt6","cmr9mh0th000104kzui9le7ue",2,"R2","t","2026-07-06 19:41:34.893"
"cmr9mlren00070akwx6lvxdus","cmr9mh0th000104kzui9le7ue",2,"R2","t","2026-07-06 19:41:35.615"
"cmr9mlrgq00080akwjjujknqu","cmr9mgzke000004kz8x7mjbr7",1,"R1","t","2026-07-06 19:41:35.69"
"cmr9mlrx9000d0akqokd2u27e","cmr9mh0th000104kzui9le7ue",2,"R2","t","2026-07-06 19:41:36.285"
"cmr9mlsa1000e0akqeea1s46c","cmr9mgzke000004kz8x7mjbr7",1,"R1","t","2026-07-06 19:41:36.745"
"cmr9mlsh3000f0akqds6iappm","cmr9mh0th000104kzui9le7ue",2,"R2","t","2026-07-06 19:41:36.999"
"cmr9mlt1w000i09kp50gk14su","cmr9mh0th000104kzui9le7ue",2,"R2","t","2026-07-06 19:41:37.748"
"cmr9mltmj000g0akqbyajuvof","cmr9mh0th000104kzui9le7ue",2,"R2","t","2026-07-06 19:41:38.491"
"cmr9mluau000j09kp0ja9yrop","cmr9mgzke000004kz8x7mjbr7",1,"R1","t","2026-07-06 19:41:39.366"
"cmr9mlugb000h0akqocqxk91n","cmr9mgzke000004kz8x7mjbr7",1,"R1","t","2026-07-06 19:41:39.563"
"cmr9mlusp000i0akqgbx647dx","cmr9mhsdc000104jpygg87e43",1,"R2","f","2026-07-06 19:41:40.009"
"cmr9mluwt000j0akqroqez44k","cmr9mh0th000104kzui9le7ue",2,"R2","t","2026-07-06 19:41:40.157"
"cmr9mlv5p000k0akqv6mkhymn","cmr9mgzke000004kz8x7mjbr7",1,"R1","t","2026-07-06 19:41:40.477"
"cmr9mlvb5000l0akqp20drwm2","cmr9mgzke000004kz8x7mjbr7",1,"R1","t","2026-07-06 19:41:40.673"
"cmr9mlvgm000m0akqshmq3p9s","cmr9mh0th000104kzui9le7ue",2,"R2","t","2026-07-06 19:41:40.87"
"cmr9mlwsy000k09kpmeo0035b","cmr9mgzke000004kz8x7mjbr7",1,"R1","t","2026-07-06 19:41:42.61"
"cmr9mlwvc000n0akqqrzzss16","cmr9mh0th000104kzui9le7ue",2,"R2","t","2026-07-06 19:41:42.696"
"cmr9mlx0z000o0akq76vsjxkl","cmr9mhsdc000104jpygg87e43",1,"R2","f","2026-07-06 19:41:42.899"
"cmr9mlxls000l09kpcgmjcfiu","cmr9mgzke000004kz8x7mjbr7",1,"R1","t","2026-07-06 19:41:43.648"
"cmr9mlxlx00090akwh03kl0dz","cmr9mhsdc000104jpygg87e43",1,"R2","f","2026-07-06 19:41:43.653"
"cmr9mlxuf000p0akqsj5dw8ql","cmr9mh0th000104kzui9le7ue",2,"R2","t","2026-07-06 19:41:43.959"
"cmr9mlxyn000q0akqvfdwb5qk","cmr9mhsdc000104jpygg87e43",1,"R1","t","2026-07-06 19:41:44.111"
"cmr9mlykm000a0akwan1dytbt","cmr9mgzke000004kz8x7mjbr7",1,"R1","t","2026-07-06 19:41:44.902"
"cmr9mlyon000b0akwu4aka2we","cmr9mh0th000104kzui9le7ue",2,"R2","t","2026-07-06 19:41:45.047"
"cmr9mlypt000c0akwwuqevaxf","cmr9mgzke000004kz8x7mjbr7",1,"R1","t","2026-07-06 19:41:45.089"
"cmr9mlzcr000m09kpsl2ecxf8","cmr9mh0th000104kzui9le7ue",2,"R2","t","2026-07-06 19:41:45.915"
"cmr9mlzpy000r0akqnjr0uz3x","cmr9mgzke000004kz8x7mjbr7",1,"R1","t","2026-07-06 19:41:46.39"
"cmr9mlzvn000s0akqq35k2gmw","cmr9mh0th000104kzui9le7ue",2,"R2","t","2026-07-06 19:41:46.595"
"cmr9mlzvs000d0akwnor1rf3m","cmr9mgzke000004kz8x7mjbr7",1,"R1","t","2026-07-06 19:41:46.6"
"cmr9mm05y000t0akqwhun0rkb","cmr9mhsdc000104jpygg87e43",1,"R2","f","2026-07-06 19:41:46.966"
"cmr9mm0g7000u0akqtbbnkl32","cmr9mh0th000104kzui9le7ue",2,"R2","t","2026-07-06 19:41:47.336"
"cmr9mm0o5000v0akqw3ho8t77","cmr9mgzke000004kz8x7mjbr7",1,"R1","t","2026-07-06 19:41:47.621"
"cmr9mm0to000w0akqy6rz9jc9","cmr9mgzke000004kz8x7mjbr7",1,"R1","t","2026-07-06 19:41:47.82"
"cmr9mm0zr000x0akqz122i9ps","cmr9mh0th000104kzui9le7ue",2,"R2","t","2026-07-06 19:41:48.041"
"cmr9mm1l6000e0akw4mbt2ctp","cmr9mgzke000004kz8x7mjbr7",1,"R1","t","2026-07-06 19:41:48.81"
"cmr9mm1q1000f0akw3q1fnpfg","cmr9mgzke000004kz8x7mjbr7",1,"R1","t","2026-07-06 19:41:48.985"
"cmr9mm2al001e04juvv7i947v","cmr9mh0th000104kzui9le7ue",2,"R2","t","2026-07-06 19:41:49.725"
"cmr9mm2or000y0akqbi7n9ul3","cmr9mh0th000104kzui9le7ue",2,"R2","t","2026-07-06 19:41:50.235"
"cmr9mm2pl000z0akqbqfqpkkm","cmr9mgzke000004kz8x7mjbr7",1,"distractor","f","2026-07-06 19:41:50.265"
"cmr9mm2up00100akqnogi6mlu","cmr9mgzke000004kz8x7mjbr7",1,"distractor","f","2026-07-06 19:41:50.449"
"cmr9mm35200110akqhj1qgt37","cmr9mhsdc000104jpygg87e43",1,"R2","f","2026-07-06 19:41:50.822"
"cmr9mm3l5000n09kp653sqj5s","cmr9mgzke000004kz8x7mjbr7",1,"R1","t","2026-07-06 19:41:51.401"
"cmr9mm3qo000g0akwft5j053i","cmr9mh0th000104kzui9le7ue",2,"R2","t","2026-07-06 19:41:51.6"
"cmr9mm41000120akqoqrfsals","cmr9mhsdc000104jpygg87e43",1,"distractor","f","2026-07-06 19:41:51.972"
"cmr9mm4b400130akqnme8nl37","cmr9mgzke000004kz8x7mjbr7",1,"R1","t","2026-07-06 19:41:52.336"
"cmr9mm4bs00140akq80q6w7vw","cmr9mh0th000104kzui9le7ue",2,"R2","t","2026-07-06 19:41:52.36"
"cmr9mm4h100150akqddgg06sh","cmr9mgzke000004kz8x7mjbr7",1,"R1","t","2026-07-06 19:41:52.549"
"cmr9mm4lo00160akqqrf0i6m4","cmr9mgzke000004kz8x7mjbr7",1,"R1","t","2026-07-06 19:41:52.716"
"cmr9mm4v900170akqk88tn9co","cmr9mh0th000104kzui9le7ue",2,"R2","t","2026-07-06 19:41:53.061"
"cmr9mm54d00180akqgwyx9roi","cmr9mhsdc000104jpygg87e43",1,"R1","t","2026-07-06 19:41:53.389"
"cmr9mm5b900190akqtrq6pt39","cmr9mhsdc000104jpygg87e43",1,"R1","t","2026-07-06 19:41:53.637"
"cmr9mm5ed001a0akqz7m0vr23","cmr9mh0th000104kzui9le7ue",2,"R2","t","2026-07-06 19:41:53.749"
"cmr9mm5mu001b0akqiano74ti","cmr9mgzke000004kz8x7mjbr7",1,"R1","t","2026-07-06 19:41:54.054"
"cmr9mm5s0001c0akq9nw1dle3","cmr9mgzke000004kz8x7mjbr7",1,"R1","t","2026-07-06 19:41:54.24"
"cmr9mm5y5001d0akqbyu6nxwd","cmr9mgzke000004kz8x7mjbr7",1,"R1","t","2026-07-06 19:41:54.461"
"cmr9mm687001e0akqr7ycnu2o","cmr9mh0th000104kzui9le7ue",2,"R2","t","2026-07-06 19:41:54.823"
"cmr9mm6qu000h0akwr04jivkr","cmr9mgzke000004kz8x7mjbr7",1,"R1","t","2026-07-06 19:41:55.494"
"cmr9mm6yd000i0akw6avo7phe","cmr9mh0th000104kzui9le7ue",2,"R2","t","2026-07-06 19:41:55.765"
"cmr9mm82l001f0akqv0cudsht","cmr9mgzke000004kz8x7mjbr7",1,"R1","t","2026-07-06 19:41:57.213"
"cmr9mm87x001g0akqlbd7tks4","cmr9mgzke000004kz8x7mjbr7",1,"R1","t","2026-07-06 19:41:57.405"
"cmr9mm94n001h0akq7mg3qmlz","cmr9mgzke000004kz8x7mjbr7",1,"R1","t","2026-07-06 19:41:58.583"
"cmr9mm9au001i0akqtrec5jtn","cmr9mh0th000104kzui9le7ue",2,"R2","t","2026-07-06 19:41:58.806"
"cmr9mm9nq001j0akqk6cojwwj","cmr9mgzke000004kz8x7mjbr7",1,"R1","t","2026-07-06 19:41:59.27"
"cmr9mm9yu001k0akqet86vve8","cmr9mh0th000104kzui9le7ue",2,"R2","t","2026-07-06 19:41:59.67"
"cmr9mma02001l0akqqq1acmsj","cmr9mgzke000004kz8x7mjbr7",1,"R1","t","2026-07-06 19:41:59.714"
"cmr9mma4e001m0akqfb469f9q","cmr9mh0th000104kzui9le7ue",2,"R2","t","2026-07-06 19:41:59.87"
"cmr9mma6k001n0akq13yg02yn","cmr9mgzke000004kz8x7mjbr7",1,"R1","t","2026-07-06 19:41:59.948"
"cmr9mmafy001o0akqky2qui9b","cmr9mhsdc000104jpygg87e43",1,"distractor","f","2026-07-06 19:42:00.286"
"cmr9mmatr001p0akq3i48uvfd","cmr9mh0th000104kzui9le7ue",2,"R2","t","2026-07-06 19:42:00.783"
"cmr9mmavd001q0akqk1877bce","cmr9mgzke000004kz8x7mjbr7",1,"R1","t","2026-07-06 19:42:00.841"
"cmr9mmb1g001r0akqn9gyusof","cmr9mgzke000004kz8x7mjbr7",1,"R1","t","2026-07-06 19:42:01.061"
"cmr9mmbd3001s0akq2sl8jiqd","cmr9mgzke000004kz8x7mjbr7",1,"R1","t","2026-07-06 19:42:01.48"
"cmr9mmbhd001t0akqjfc28fu9","cmr9mh0th000104kzui9le7ue",2,"R2","t","2026-07-06 19:42:01.633"
"cmr9mmbi0001u0akq8bbg3bup","cmr9mgzke000004kz8x7mjbr7",1,"R1","t","2026-07-06 19:42:01.656"
"cmr9mmbog001v0akqqbm8s409","cmr9mgzke000004kz8x7mjbr7",1,"R1","t","2026-07-06 19:42:01.888"
"cmr9mmbt5001w0akqltzacsqs","cmr9mgzke000004kz8x7mjbr7",1,"R1","t","2026-07-06 19:42:02.057"
"cmr9mmcf2000j0akwryftdbqt","cmr9mgzke000004kz8x7mjbr7",1,"R1","t","2026-07-06 19:42:02.846"
"cmr9mmcld000k0akw8xxk09pi","cmr9mgzke000004kz8x7mjbr7",1,"R1","t","2026-07-06 19:42:03.073"
"cmr9mmcug001x0akqym5f66vu","cmr9mh0th000104kzui9le7ue",2,"R2","t","2026-07-06 19:42:03.4"
"cmr9mmd2c001y0akqpkv6m03a","cmr9mhsdc000104jpygg87e43",2,"distractor","f","2026-07-06 19:42:03.684"
"cmr9mmd75001z0akq2b1arv3a","cmr9mgzke000004kz8x7mjbr7",1,"R1","t","2026-07-06 19:42:03.857"
"cmr9mmdd500200akq3tse7h92","cmr9mgzke000004kz8x7mjbr7",1,"R1","t","2026-07-06 19:42:04.073"
"cmr9mmddm000o09kpxbs1y1q9","cmr9mh0th000104kzui9le7ue",2,"R2","t","2026-07-06 19:42:04.091"
"cmr9mmdix00210akqoz1j8nae","cmr9mgzke000004kz8x7mjbr7",1,"R1","t","2026-07-06 19:42:04.281"
"cmr9mme5h000l0akwklaf73ry","cmr9mhsdc000104jpygg87e43",2,"distractor","f","2026-07-06 19:42:05.093"
"cmr9mmecz00220akqww7pf7q9","cmr9mgzke000004kz8x7mjbr7",1,"R1","t","2026-07-06 19:42:05.363"
"cmr9mmeid00230akq6zsgohl4","cmr9mgzke000004kz8x7mjbr7",1,"R1","t","2026-07-06 19:42:05.557"
"cmr9mmevj00240akqhgdssi5f","cmr9mh0th000104kzui9le7ue",2,"R2","t","2026-07-06 19:42:06.031"
"cmr9mmfdm000m0akwx9x4q414","cmr9mgzke000004kz8x7mjbr7",1,"R1","t","2026-07-06 19:42:06.682"
"cmr9mmfic000n0akws6m5xjji","cmr9mgzke000004kz8x7mjbr7",1,"R1","t","2026-07-06 19:42:06.852"
"cmr9mmfke000o0akwr030lnef","cmr9mh0th000104kzui9le7ue",2,"R2","t","2026-07-06 19:42:06.927"
"cmr9mmfoj00250akqghz5jrjy","cmr9mgzke000004kz8x7mjbr7",1,"distractor","f","2026-07-06 19:42:07.075"
"cmr9mmfsm00260akqh1r223l3","cmr9mgzke000004kz8x7mjbr7",1,"distractor","f","2026-07-06 19:42:07.222"
"cmr9mmg4c00270akq06y1m3s9","cmr9mh0th000104kzui9le7ue",2,"R2","t","2026-07-06 19:42:07.644"
"cmr9mmg9z00280akqrwxuavd0","cmr9mgzke000004kz8x7mjbr7",1,"R1","t","2026-07-06 19:42:07.847"
"cmr9mmgfb00290akq7upu97p1","cmr9mgzke000004kz8x7mjbr7",1,"R1","t","2026-07-06 19:42:08.039"
"cmr9mmglq002a0akq1enozkor","cmr9mgzke000004kz8x7mjbr7",1,"R1","t","2026-07-06 19:42:08.27"
"cmr9mmgp9002b0akqc9ywbvnv","cmr9mh0th000104kzui9le7ue",2,"R2","t","2026-07-06 19:42:08.397"
"cmr9mmgx0002c0akqjf7nlv6a","cmr9mgzke000004kz8x7mjbr7",1,"R2","f","2026-07-06 19:42:08.676"
"cmr9mmh2c002d0akq9pdgs2h5","cmr9mgzke000004kz8x7mjbr7",1,"R2","f","2026-07-06 19:42:08.868"
"cmr9mmh77002e0akqfav4xhlp","cmr9mhsdc000104jpygg87e43",2,"R1","f","2026-07-06 19:42:09.043"
"cmr9mmh7p002f0akqvrp2pj4y","cmr9mgzke000004kz8x7mjbr7",1,"R2","f","2026-07-06 19:42:09.061"
"cmr9mmhbf002g0akqqx9rn09n","cmr9mhsdc000104jpygg87e43",2,"R1","f","2026-07-06 19:42:09.195"
"cmr9mmhm0002h0akqgfeb0ixu","cmr9mh0th000104kzui9le7ue",2,"R2","t","2026-07-06 19:42:09.576"
"cmr9mmi0c002i0akq1yj5jgak","cmr9mhsdc000104jpygg87e43",2,"R2","t","2026-07-06 19:42:10.092"
"cmr9mmi6s002j0akqjszf7r5q","cmr9mh0th000104kzui9le7ue",2,"R2","t","2026-07-06 19:42:10.324"
"cmr9mmi9g002k0akqd20payc6","cmr9mgzke000004kz8x7mjbr7",1,"R1","t","2026-07-06 19:42:10.42"
"cmr9mmic8002l0akq4ncx71u7","cmr9mhsdc000104jpygg87e43",2,"R2","t","2026-07-06 19:42:10.52"
"cmr9mmiya000p0akwius613xz","cmr9mgzke000004kz8x7mjbr7",1,"R1","t","2026-07-06 19:42:11.314"
"cmr9mmj69002m0akqhf7r0aqa","cmr9mgzke000004kz8x7mjbr7",1,"R1","t","2026-07-06 19:42:11.601"
"cmr9mmjc7002n0akqlcpny1pj","cmr9mgzke000004kz8x7mjbr7",1,"R1","t","2026-07-06 19:42:11.815"
"cmr9mmjqr000q0akw2tat5qjt","cmr9mh0th000104kzui9le7ue",2,"R2","t","2026-07-06 19:42:12.339"
"cmr9mmk68002o0akqwzl5rpts","cmr9mgzke000004kz8x7mjbr7",1,"R1","t","2026-07-06 19:42:12.897"
"cmr9mmk8x002p0akq3smsi2he","cmr9mh0th000104kzui9le7ue",2,"R2","t","2026-07-06 19:42:12.993"
"cmr9mmkih002q0akq60k51ubm","cmr9mhsdc000104jpygg87e43",2,"R2","t","2026-07-06 19:42:13.337"
"cmr9mmknf002r0akq3nkvw834","cmr9mhsdc000104jpygg87e43",2,"R2","t","2026-07-06 19:42:13.515"
"cmr9mmkog002s0akqgiar3znb","cmr9mgzke000004kz8x7mjbr7",1,"R1","t","2026-07-06 19:42:13.552"
"cmr9mmks8002t0akq5mfd0dug","cmr9mh0th000104kzui9le7ue",2,"R2","t","2026-07-06 19:42:13.688"
"cmr9mmku5002u0akq2fsxojyb","cmr9mgzke000004kz8x7mjbr7",1,"R1","t","2026-07-06 19:42:13.757"
"cmr9mmkzq002v0akq21bbqlme","cmr9mgzke000004kz8x7mjbr7",1,"R1","t","2026-07-06 19:42:13.958"
"cmr9mmlb0002w0akqvm3h9ked","cmr9mh0th000104kzui9le7ue",2,"R2","t","2026-07-06 19:42:14.364"
"cmr9mmlrs000p09kpms4rdpdi","cmr9mhsdc000104jpygg87e43",2,"distractor","f","2026-07-06 19:42:14.968"
"cmr9mmlw1000r0akwpgl64itk","cmr9mgzke000004kz8x7mjbr7",1,"R1","t","2026-07-06 19:42:15.121"
"cmr9mmlx3000s0akwjmaipqow","cmr9mhsdc000104jpygg87e43",2,"distractor","f","2026-07-06 19:42:15.159"
"cmr9mmm3i002x0akq1dkb7zf6","cmr9mhsdc000104jpygg87e43",2,"R1","f","2026-07-06 19:42:15.39"
"cmr9mmmbp002y0akq19zmnt9b","cmr9mh0th000104kzui9le7ue",2,"R2","t","2026-07-06 19:42:15.685"
"cmr9mmmlh002z0akqvh635kds","cmr9mgzke000004kz8x7mjbr7",1,"R1","t","2026-07-06 19:42:16.037"
"cmr9mmmra00300akqchflw0yo","cmr9mgzke000004kz8x7mjbr7",1,"R1","t","2026-07-06 19:42:16.246"
"cmr9mmmuh00310akqcoybv0wd","cmr9mh0th000104kzui9le7ue",2,"R2","t","2026-07-06 19:42:16.361"
"cmr9mmmwn00320akq8w1e1nig","cmr9mgzke000004kz8x7mjbr7",1,"R1","t","2026-07-06 19:42:16.439"
"cmr9mmnby000q09kpdz2423uh","cmr9mhsdc000104jpygg87e43",2,"R1","f","2026-07-06 19:42:16.99"
"cmr9mmndr000t0akwe5172in0","cmr9mh0th000104kzui9le7ue",2,"R2","t","2026-07-06 19:42:17.055"
"cmr9mmnfz000u0akw52xvkqwu","cmr9mhsdc000104jpygg87e43",2,"R1","f","2026-07-06 19:42:17.135"
"cmr9mmnoa000v0akwgg686sqb","cmr9mgzke000004kz8x7mjbr7",1,"R1","t","2026-07-06 19:42:17.434"
"cmr9mmnuu00330akqm8mud4vp","cmr9mgzke000004kz8x7mjbr7",1,"R1","t","2026-07-06 19:42:17.67"
"cmr9mmnxx00340akqp493gu1i","cmr9mh0th000104kzui9le7ue",2,"R2","t","2026-07-06 19:42:17.781"
"cmr9mmoca00350akqigwyjn9v","cmr9mgzke000004kz8x7mjbr7",1,"R1","t","2026-07-06 19:42:18.298"
"cmr9mmodv00360akq0e1gl23r","cmr9mhsdc000104jpygg87e43",2,"R1","f","2026-07-06 19:42:18.355"
"cmr9mmoha00370akq7nq24rd2","cmr9mh0th000104kzui9le7ue",2,"R2","t","2026-07-06 19:42:18.478"
"cmr9mmoj400380akqsd4iabki","cmr9mgzke000004kz8x7mjbr7",1,"R1","t","2026-07-06 19:42:18.544"
"cmr9mmonu00390akqjgw795z0","cmr9mgzke000004kz8x7mjbr7",1,"R1","t","2026-07-06 19:42:18.714"
"cmr9mmp29000w0akw07px7acq","cmr9mh0th000104kzui9le7ue",2,"R2","t","2026-07-06 19:42:19.233"
"cmr9mmpfm000x0akw9weuamxz","cmr9mgzke000004kz8x7mjbr7",1,"R1","t","2026-07-06 19:42:19.715"
"cmr9mmphi003a0akqd1p8ilp0","cmr9mhsdc000104jpygg87e43",2,"R2","t","2026-07-06 19:42:19.782"
"cmr9mmpl8003b0akq6d4eokf1","cmr9mh0th000104kzui9le7ue",2,"R2","t","2026-07-06 19:42:19.916"
"cmr9mmplw003c0akqvpud5ja0","cmr9mgzke000004kz8x7mjbr7",1,"R1","t","2026-07-06 19:42:19.94"
"cmr9mmprx003d0akqgoou9elq","cmr9mgzke000004kz8x7mjbr7",1,"R1","t","2026-07-06 19:42:20.157"
"cmr9mmpt7003e0akq1uorzh3u","cmr9mhsdc000104jpygg87e43",2,"R2","t","2026-07-06 19:42:20.203"
"cmr9mmpzd003f0akqos189iss","cmr9mhsdc000104jpygg87e43",2,"R2","t","2026-07-06 19:42:20.425"
"cmr9mmq4o003g0akqd9awuqd4","cmr9mh0th000104kzui9le7ue",2,"R2","t","2026-07-06 19:42:20.616"
"cmr9mmq6z003h0akq2sgspvdq","cmr9mgzke000004kz8x7mjbr7",1,"R1","t","2026-07-06 19:42:20.7"
"cmr9mmq96003i0akq0aafqhav","cmr9mhsdc000104jpygg87e43",2,"R2","t","2026-07-06 19:42:20.778"
"cmr9mmqcv003j0akqsi9ajloq","cmr9mgzke000004kz8x7mjbr7",1,"R1","t","2026-07-06 19:42:20.911"
"cmr9mmqi7003k0akqdmu1s9r3","cmr9mgzke000004kz8x7mjbr7",1,"R1","t","2026-07-06 19:42:21.103"
"cmr9mmqnc003l0akqk4kd0xzk","cmr9mh0th000104kzui9le7ue",2,"R2","t","2026-07-06 19:42:21.288"
"cmr9mmr6k000y0akwzeefrd9z","cmr9mgzke000004kz8x7mjbr7",1,"R1","t","2026-07-06 19:42:21.98"
"cmr9mmr6x000r09kpz1usnhxx","cmr9mh0th000104kzui9le7ue",2,"R2","t","2026-07-06 19:42:21.993"
"cmr9mmr8y000z0akw56vf94nz","cmr9mhsdc000104jpygg87e43",2,"R1","f","2026-07-06 19:42:22.066"
"cmr9mmrcq00100akwj64pmin6","cmr9mgzke000004kz8x7mjbr7",1,"R1","t","2026-07-06 19:42:22.202"
"cmr9mmro9003m0akqenxot7zy","cmr9mh0th000104kzui9le7ue",2,"R2","t","2026-07-06 19:42:22.617"
"cmr9mms2u000s09kp4a9y8kbw","cmr9mgzke000004kz8x7mjbr7",1,"R1","t","2026-07-06 19:42:23.142"
"cmr9mms6l00110akw34mgpmah","cmr9mh0th000104kzui9le7ue",2,"R2","t","2026-07-06 19:42:23.277"
"cmr9mms8t00120akwfxn3zfff","cmr9mgzke000004kz8x7mjbr7",1,"R1","t","2026-07-06 19:42:23.357"
"cmr9mmsem00130akwzved5wb7","cmr9mgzke000004kz8x7mjbr7",1,"R1","t","2026-07-06 19:42:23.566"
"cmr9mmsvb000t09kpql3d97n1","cmr9mh0th000104kzui9le7ue",2,"R2","t","2026-07-06 19:42:24.167"
"cmr9mmsz0000u09kpfi42gq9l","cmr9mhsdc000104jpygg87e43",2,"R1","f","2026-07-06 19:42:24.3"
"cmr9mmt33000v09kpvbx5zrod","cmr9mhsdc000104jpygg87e43",2,"R1","f","2026-07-06 19:42:24.447"
"cmr9mmteb003n0akq9np9kz3b","cmr9mh0th000104kzui9le7ue",2,"R2","t","2026-07-06 19:42:24.851"
"cmr9mmtn1003o0akq4wbakher","cmr9mgzke000004kz8x7mjbr7",1,"R1","t","2026-07-06 19:42:25.165"
"cmr9mmtt2003p0akq0i4ioihu","cmr9mgzke000004kz8x7mjbr7",1,"R1","t","2026-07-06 19:42:25.382"
"cmr9mmtyn003q0akqxj7jkuku","cmr9mgzke000004kz8x7mjbr7",1,"R1","t","2026-07-06 19:42:25.583"
"cmr9mmu5k003r0akqhd7mkk76","cmr9mhsdc000104jpygg87e43",2,"distractor","f","2026-07-06 19:42:25.832"
"cmr9mmuad003s0akqrdrjx2h7","cmr9mhsdc000104jpygg87e43",2,"distractor","f","2026-07-06 19:42:26.005"
"cmr9mmuhl003t0akq0kbe0zni","cmr9mh0th000104kzui9le7ue",2,"R2","t","2026-07-06 19:42:26.265"
"cmr9mmv0300140akw1oxtt09g","cmr9mh0th000104kzui9le7ue",2,"R2","t","2026-07-06 19:42:26.931"
"cmr9mmv7y00150akw4wpopy1d","cmr9mhsdc000104jpygg87e43",2,"R1","f","2026-07-06 19:42:27.214"
"cmr9mmvi9003u0akqw8bmdi6q","cmr9mh0th000104kzui9le7ue",2,"R2","t","2026-07-06 19:42:27.585"
"cmr9mmvm5003v0akqoamizkgk","cmr9mgzke000004kz8x7mjbr7",1,"R1","t","2026-07-06 19:42:27.725"
"cmr9mmvr2003w0akq9ih73cik","cmr9mgzke000004kz8x7mjbr7",1,"R1","t","2026-07-06 19:42:27.902"
"cmr9mmw25003x0akqubqcushi","cmr9mh0th000104kzui9le7ue",2,"R2","t","2026-07-06 19:42:28.301"
"cmr9mmw4a003y0akq8lmwzj6t","cmr9mhsdc000104jpygg87e43",2,"R2","t","2026-07-06 19:42:28.378"
"cmr9mmwhj003z0akq2yl7rv83","cmr9mhsdc000104jpygg87e43",2,"R1","f","2026-07-06 19:42:28.855"
"cmr9mmwk600400akqkbgqwewa","cmr9mgzke000004kz8x7mjbr7",1,"R1","t","2026-07-06 19:42:28.95"
"cmr9mmwkt00410akqn0mpvf2i","cmr9mh0th000104kzui9le7ue",2,"R2","t","2026-07-06 19:42:28.973"
"cmr9mmwlm00420akqo8xlrgb9","cmr9mhsdc000104jpygg87e43",2,"R1","f","2026-07-06 19:42:29.002"
"cmr9mmwq100430akqugbxj65z","cmr9mgzke000004kz8x7mjbr7",1,"R1","t","2026-07-06 19:42:29.161"
"cmr9mmwqc00440akq5jdw83c7","cmr9mhsdc000104jpygg87e43",2,"R1","f","2026-07-06 19:42:29.172"
"cmr9mmwuk00450akqm0e5479s","cmr9mhsdc000104jpygg87e43",2,"R1","f","2026-07-06 19:42:29.324"
"cmr9mmwwl00460akqm3ktt90m","cmr9mgzke000004kz8x7mjbr7",1,"R1","t","2026-07-06 19:42:29.397"
"cmr9mmx3m00470akqgf3ko695","cmr9mh0th000104kzui9le7ue",2,"R2","t","2026-07-06 19:42:29.65"
"cmr9mmxli00160akw0rokydnt","cmr9mh0th000104kzui9le7ue",2,"R2","t","2026-07-06 19:42:30.294"
"cmr9mmxu400170akwnnkuoio3","cmr9mgzke000004kz8x7mjbr7",1,"R1","t","2026-07-06 19:42:30.604"
"cmr9mmxwq00480akqa2d1gxhp","cmr9mhsdc000104jpygg87e43",2,"distractor","f","2026-07-06 19:42:30.698"
"cmr9mmy1s00180akw5j6eb8o6","cmr9mhsdc000104jpygg87e43",2,"distractor","f","2026-07-06 19:42:30.88"
"cmr9mmy2a00490akqntc2yv9n","cmr9mh0th000104kzui9le7ue",2,"R2","t","2026-07-06 19:42:30.898"
"cmr9mmyjp000w09kp4fnzzden","cmr9mh0th000104kzui9le7ue",2,"R2","t","2026-07-06 19:42:31.525"
"cmr9mmyri000x09kpi9qvt44j","cmr9mgzke000004kz8x7mjbr7",1,"distractor","f","2026-07-06 19:42:31.806"
"cmr9mmz3m004a0akqkqocgt4s","cmr9mgzke000004kz8x7mjbr7",1,"distractor","f","2026-07-06 19:42:32.242"
"cmr9mmzgq004b0akqcz6qbmby","cmr9mgzke000004kz8x7mjbr7",1,"R1","t","2026-07-06 19:42:32.714"
"cmr9mmzkv004c0akqejud8gch","cmr9mh0th000104kzui9le7ue",2,"R2","t","2026-07-06 19:42:32.864"
"cmr9mmzlb004d0akqorpr83gl","cmr9mgzke000004kz8x7mjbr7",1,"R1","t","2026-07-06 19:42:32.879"
"cmr9mn09t001f04juy8rshi5u","cmr9mh0th000104kzui9le7ue",2,"R2","t","2026-07-06 19:42:33.761"
"cmr9mn0et004e0akqnnvegdqa","cmr9mhsdc000104jpygg87e43",2,"distractor","f","2026-07-06 19:42:33.941"
"cmr9mn0j7004f0akqbqq5ha9s","cmr9mhsdc000104jpygg87e43",2,"distractor","f","2026-07-06 19:42:34.099"
"cmr9mn0n7004g0akqwjldz6tq","cmr9mhsdc000104jpygg87e43",2,"distractor","f","2026-07-06 19:42:34.243"
"cmr9mn0qy004h0akq388j2dde","cmr9mh0th000104kzui9le7ue",2,"R2","t","2026-07-06 19:42:34.378"
"cmr9mn10c004i0akqertno3ot","cmr9mgzke000004kz8x7mjbr7",1,"R1","t","2026-07-06 19:42:34.716"
"cmr9mn160004j0akqzcjpyjgk","cmr9mgzke000004kz8x7mjbr7",1,"R1","t","2026-07-06 19:42:34.92"
"cmr9mn1di004k0akq9um90zvj","cmr9mh0th000104kzui9le7ue",2,"R2","t","2026-07-06 19:42:35.19"
"cmr9mn1nm00000akx85woggf5","cmr9mgzke000004kz8x7mjbr7",1,"R1","t","2026-07-06 19:42:35.554"
"cmr9mn2ev004l0akqf8bit7uw","cmr9mh0th000104kzui9le7ue",2,"R2","t","2026-07-06 19:42:36.535"
"cmr9mn2g3004m0akqb4fmum3q","cmr9mgzke000004kz8x7mjbr7",1,"R1","t","2026-07-06 19:42:36.579"
"cmr9mn2mj00010akx39roodbn","cmr9mgzke000004kz8x7mjbr7",1,"R1","t","2026-07-06 19:42:36.811"
"cmr9mn2xo00020akxkdmsgcti","cmr9mh0th000104kzui9le7ue",2,"R2","t","2026-07-06 19:42:37.212"
"cmr9mn2y500030akx06gy4ev7","cmr9mgzke000004kz8x7mjbr7",1,"R1","t","2026-07-06 19:42:37.23"
"cmr9mn34000040akxmomb5f1s","cmr9mgzke000004kz8x7mjbr7",1,"R1","t","2026-07-06 19:42:37.44"
"cmr9mn3ey00050akxknvuawrs","cmr9mhsdc000104jpygg87e43",2,"distractor","f","2026-07-06 19:42:37.834"
"cmr9mn3j700060akxfp7jbjdd","cmr9mhsdc000104jpygg87e43",2,"R1","f","2026-07-06 19:42:37.987"
"cmr9mn423004n0akqdcf2rp1n","cmr9mh0th000104kzui9le7ue",3,"R2","f","2026-07-06 19:42:38.667"
"cmr9mn42u004o0akqjdmdwke8","cmr9mgzke000004kz8x7mjbr7",1,"R1","t","2026-07-06 19:42:38.694"
"cmr9mn480004p0akqejjcx9bl","cmr9mgzke000004kz8x7mjbr7",1,"R1","t","2026-07-06 19:42:38.88"
"cmr9mn4g700070akxq33h1qb0","cmr9mhsdc000104jpygg87e43",2,"R1","f","2026-07-06 19:42:39.175"
"cmr9mn56000190akw775jds97","cmr9mhsdc000104jpygg87e43",2,"R2","t","2026-07-06 19:42:40.105"
"cmr9mn57s004q0akqknwggd04","cmr9mgzke000004kz8x7mjbr7",2,"R1","f","2026-07-06 19:42:40.169"
"cmr9mn5au00080akxxiwaa8w3","cmr9mh0th000104kzui9le7ue",3,"distractor","f","2026-07-06 19:42:40.278"
"cmr9mn66800090akxpwl6ag1y","cmr9mgzke000004kz8x7mjbr7",2,"R1","f","2026-07-06 19:42:41.408"
"cmr9mn6cx000a0akxl6likw3e","cmr9mgzke000004kz8x7mjbr7",2,"R1","f","2026-07-06 19:42:41.649"
"cmr9mn6x7001g04jubs4f9j4k","cmr9mgzke000004kz8x7mjbr7",2,"R1","f","2026-07-06 19:42:42.379"
"cmr9mn6xq001a0akwhdlvoklc","cmr9mh0th000104kzui9le7ue",3,"R2","f","2026-07-06 19:42:42.398"
"cmr9mn75a004r0akq4rr4makz","cmr9mgzke000004kz8x7mjbr7",2,"R1","f","2026-07-06 19:42:42.67"
"cmr9mn7jd004s0akq8ibsbtnq","cmr9mhsdc000104jpygg87e43",2,"R2","t","2026-07-06 19:42:43.177"
"cmr9mn7ne004t0akq0d80e56d","cmr9mhsdc000104jpygg87e43",2,"R2","t","2026-07-06 19:42:43.322"
"cmr9mn8h600000ajly706iy3l","cmr9mh0th000104kzui9le7ue",3,"R1","f","2026-07-06 19:42:44.394"
"cmr9mn8v600010ajlv5j7pe1v","cmr9mgzke000004kz8x7mjbr7",2,"R1","f","2026-07-06 19:42:44.898"
"cmr9mn8vp004u0akq658v61sy","cmr9mh0th000104kzui9le7ue",3,"distractor","f","2026-07-06 19:42:44.917"
"cmr9mna5e00020ajlt7o7ih0b","cmr9mgzke000004kz8x7mjbr7",2,"distractor","f","2026-07-06 19:42:46.562"
"cmr9mna8200030ajl342nrh1l","cmr9mhsdc000104jpygg87e43",2,"distractor","f","2026-07-06 19:42:46.658"
"cmr9mna9u00040ajlzs9vexbq","cmr9mgzke000004kz8x7mjbr7",2,"distractor","f","2026-07-06 19:42:46.722"
"cmr9mnaci00050ajlg1o6e2ok","cmr9mhsdc000104jpygg87e43",2,"distractor","f","2026-07-06 19:42:46.818"
"cmr9mnagi00060ajl4dpp02ex","cmr9mhsdc000104jpygg87e43",2,"distractor","f","2026-07-06 19:42:46.962"
"cmr9mnamj00070ajlncqcghlc","cmr9mhsdc000104jpygg87e43",2,"distractor","f","2026-07-06 19:42:47.179"
"cmr9mnb9x004v0akqm8oajzvh","cmr9mh0th000104kzui9le7ue",3,"distractor","f","2026-07-06 19:42:48.021"
"cmr9mnbbq000b0akx6j8rkmz9","cmr9mhsdc000104jpygg87e43",2,"R2","t","2026-07-06 19:42:48.086"
"cmr9mnbcx000c0akxh34igsej","cmr9mgzke000004kz8x7mjbr7",2,"R2","t","2026-07-06 19:42:48.129"
"cmr9mnbgh00080ajl0lgke1bo","cmr9mhsdc000104jpygg87e43",2,"R2","t","2026-07-06 19:42:48.257"
"cmr9mnbj100090ajl7kex4f85","cmr9mgzke000004kz8x7mjbr7",2,"R2","t","2026-07-06 19:42:48.349"
"cmr9mnbkt000a0ajlceqaizmo","cmr9mhsdc000104jpygg87e43",2,"R2","t","2026-07-06 19:42:48.413"
"cmr9mnboz000b0ajl81go35vm","cmr9mhsdc000104jpygg87e43",2,"R2","t","2026-07-06 19:42:48.563"
"cmr9mnceq000d0akxlmdkgh9n","cmr9mgzke000004kz8x7mjbr7",2,"R2","t","2026-07-06 19:42:49.49"
"cmr9mnd16001h04ju03q8zkl1","cmr9mh0th000104kzui9le7ue",3,"R2","f","2026-07-06 19:42:50.298"
"cmr9mndqi001b0akwp3idxr9c","cmr9mhsdc000104jpygg87e43",2,"R1","f","2026-07-06 19:42:51.21"
"cmr9mndsg001i04juzxgv63uz","cmr9mgzke000004kz8x7mjbr7",2,"R2","t","2026-07-06 19:42:51.28"
"cmr9mnefh00000akmiv6wfdrx","cmr9mh0th000104kzui9le7ue",3,"R1","f","2026-07-06 19:42:52.11"
"cmr9mnem900010akmsixlc0vw","cmr9mgzke000004kz8x7mjbr7",2,"R2","t","2026-07-06 19:42:52.353"
"cmr9mnerx00020akmonuflr4g","cmr9mgzke000004kz8x7mjbr7",2,"R2","t","2026-07-06 19:42:52.557"
"cmr9mnesg00030akmuijkeyy4","cmr9mhsdc000104jpygg87e43",2,"R2","t","2026-07-06 19:42:52.576"
"cmr9mnf3800040akmzrfl2ggz","cmr9mh0th000104kzui9le7ue",3,"R2","f","2026-07-06 19:42:52.964"
"cmr9mnfqs000e0akx0t60oybc","cmr9mgzke000004kz8x7mjbr7",2,"R2","t","2026-07-06 19:42:53.812"
"cmr9mnfw600050akmy9nrfxhp","cmr9mgzke000004kz8x7mjbr7",2,"R2","t","2026-07-06 19:42:54.006"
"cmr9mnfyc00060akmdp940py8","cmr9mh0th000104kzui9le7ue",3,"distractor","f","2026-07-06 19:42:54.085"
"cmr9mngia000c0ajlp0hq3yli","cmr9mhsdc000104jpygg87e43",2,"R2","t","2026-07-06 19:42:54.802"
"cmr9mngmg000d0ajlig43ch73","cmr9mhsdc000104jpygg87e43",2,"R2","t","2026-07-06 19:42:54.952"
"cmr9mngqn000e0ajl8zor658q","cmr9mhsdc000104jpygg87e43",2,"R2","t","2026-07-06 19:42:55.103"
"cmr9mnh2o00070akmz3znr817","cmr9mh0th000104kzui9le7ue",3,"R1","f","2026-07-06 19:42:55.536"
"cmr9mnh8u00080akmd3sp5ji1","cmr9mgzke000004kz8x7mjbr7",2,"R2","t","2026-07-06 19:42:55.759"
"cmr9mni58000f0ajlv2cssvze","cmr9mh0th000104kzui9le7ue",3,"distractor","f","2026-07-06 19:42:56.924"
"cmr9mnixe001j04jue36824lc","cmr9mgzke000004kz8x7mjbr7",2,"R2","t","2026-07-06 19:42:57.938"
"cmr9mnixd00090akmid2fhdtz","cmr9mh0th000104kzui9le7ue",3,"R2","f","2026-07-06 19:42:57.937"
"cmr9mnj07000a0akmvzuekaka","cmr9mgzke000004kz8x7mjbr7",2,"R2","t","2026-07-06 19:42:58.039"
"cmr9mnj5q000b0akmn5ftduo1","cmr9mgzke000004kz8x7mjbr7",2,"R2","t","2026-07-06 19:42:58.238"
"cmr9mnjxl000g0ajlj3p4f0j3","cmr9mgzke000004kz8x7mjbr7",2,"R2","t","2026-07-06 19:42:59.241"
"cmr9mnjy6000c0akmh44tknkk","cmr9mhsdc000104jpygg87e43",2,"R2","t","2026-07-06 19:42:59.262"
"cmr9mnk4u000d0akmoi7f23bn","cmr9mhsdc000104jpygg87e43",2,"R2","t","2026-07-06 19:42:59.502"
"cmr9mnk5x000e0akmoe2mqmlq","cmr9mh0th000104kzui9le7ue",3,"R1","f","2026-07-06 19:42:59.541"
"cmr9mnk90000f0akmhvfq6d7s","cmr9mhsdc000104jpygg87e43",2,"R2","t","2026-07-06 19:42:59.652"
"cmr9mnkjf000009jb1ffvm0h7","cmr9mgzke000004kz8x7mjbr7",2,"R2","t","2026-07-06 19:43:00.028"
"cmr9mnkqs000109jblokfxd06","cmr9mgzke000004kz8x7mjbr7",2,"R2","t","2026-07-06 19:43:00.292"
"cmr9mnkux000209jb67k1u1m5","cmr9mgzke000004kz8x7mjbr7",2,"R2","t","2026-07-06 19:43:00.441"
"cmr9mnl0i000309jbpw0o0etd","cmr9mgzke000004kz8x7mjbr7",2,"R2","t","2026-07-06 19:43:00.642"
"cmr9mnl98000409jbib6fwt4v","cmr9mh0th000104kzui9le7ue",3,"distractor","f","2026-07-06 19:43:00.956"
"cmr9mnn4l000g0akmqg19g1dd","cmr9mgzke000004kz8x7mjbr7",2,"R2","t","2026-07-06 19:43:03.381"
"cmr9mnn8y000509jbc9cl4aw1","cmr9mh0th000104kzui9le7ue",3,"R1","f","2026-07-06 19:43:03.538"
"cmr9mnoc2000h0akmcgusdgjx","cmr9mh0th000104kzui9le7ue",3,"distractor","f","2026-07-06 19:43:04.946"
"cmr9mnpc7000i0akml0oao62o","cmr9mh0th000104kzui9le7ue",3,"R2","f","2026-07-06 19:43:06.247"
"cmr9mnpd3000609jbzst33iin","cmr9mhsdc000104jpygg87e43",2,"R2","t","2026-07-06 19:43:06.279"
"cmr9mnphh000709jby6ld4fc0","cmr9mhsdc000104jpygg87e43",2,"R2","t","2026-07-06 19:43:06.437"
"cmr9mnpmg000809jbnrfeufu1","cmr9mgzke000004kz8x7mjbr7",2,"R2","t","2026-07-06 19:43:06.616"
"cmr9mnps3000909jbtmtjji3w","cmr9mgzke000004kz8x7mjbr7",2,"R2","t","2026-07-06 19:43:06.819"
"cmr9mnqj5000j0akmfonz16kw","cmr9mh0th000104kzui9le7ue",3,"R1","f","2026-07-06 19:43:07.793"
"cmr9mnquo000a09jbrq3gbbao","cmr9mhsdc000104jpygg87e43",2,"distractor","f","2026-07-06 19:43:08.208"
"cmr9mnr15000b09jbl5c1fgyo","cmr9mhsdc000104jpygg87e43",2,"distractor","f","2026-07-06 19:43:08.441"
"cmr9mnrhm000h0ajl0ielkesa","cmr9mgzke000004kz8x7mjbr7",2,"R2","t","2026-07-06 19:43:09.034"
"cmr9mnrmx000k0akmj5t7v50x","cmr9mgzke000004kz8x7mjbr7",2,"R2","t","2026-07-06 19:43:09.225"
"cmr9mnsdw000i0ajlw5jfecxm","cmr9mgzke000004kz8x7mjbr7",2,"R2","t","2026-07-06 19:43:10.196"
"cmr9mnt56001k04juh8wshdbe","cmr9mgzke000004kz8x7mjbr7",2,"R2","t","2026-07-06 19:43:11.178"
"cmr9mnthu000c09jbiliodtyd","cmr9mhsdc000104jpygg87e43",2,"R1","f","2026-07-06 19:43:11.634"
"cmr9mntju000d09jbfbwabsbm","cmr9mh0th000104kzui9le7ue",3,"R2","f","2026-07-06 19:43:11.706"
"cmr9mnton000e09jbtwyd3762","cmr9mgzke000004kz8x7mjbr7",2,"R2","t","2026-07-06 19:43:11.879"
"cmr9mnttx000f09jbh05sr4q4","cmr9mgzke000004kz8x7mjbr7",2,"R2","t","2026-07-06 19:43:12.069"
"cmr9mnuky000j0ajlxnu93pc7","cmr9mgzke000004kz8x7mjbr7",2,"R2","t","2026-07-06 19:43:13.042"
"cmr9mnupo000g09jbzxkqrkiw","cmr9mgzke000004kz8x7mjbr7",2,"R2","t","2026-07-06 19:43:13.212"
"cmr9mnuuu000h09jbxncht4cr","cmr9mh0th000104kzui9le7ue",3,"distractor","f","2026-07-06 19:43:13.398"
"cmr9mnvdo001l04jufyox19fa","cmr9mgzke000004kz8x7mjbr7",2,"R2","t","2026-07-06 19:43:14.076"
"cmr9mnvwp000i09jbt8tgzpf9","cmr9mhsdc000104jpygg87e43",2,"R2","t","2026-07-06 19:43:14.761"
"cmr9mnw0t000j09jb7wc0ai3i","cmr9mhsdc000104jpygg87e43",2,"R2","t","2026-07-06 19:43:14.909"
"cmr9mnwzb000k0ajlp5waw7nl","cmr9mgzke000004kz8x7mjbr7",2,"R2","t","2026-07-06 19:43:16.151"
"cmr9mnx50000k09jbh7ljyibd","cmr9mgzke000004kz8x7mjbr7",2,"R2","t","2026-07-06 19:43:16.356"
"cmr9mnx8h000l09jbwzen8y5e","cmr9mh0th000104kzui9le7ue",3,"R1","f","2026-07-06 19:43:16.481"
"cmr9mnxa9000m09jbk0zc6daw","cmr9mgzke000004kz8x7mjbr7",2,"R2","t","2026-07-06 19:43:16.545"
"cmr9mnxhd000n09jbfp3su53e","cmr9mhsdc000104jpygg87e43",2,"distractor","f","2026-07-06 19:43:16.801"
"cmr9mnxid000f0akx2udc6muj","cmr9mgzke000004kz8x7mjbr7",2,"R2","t","2026-07-06 19:43:16.837"
"cmr9mnyde001m04ju0g5dek49","cmr9mhsdc000104jpygg87e43",2,"R1","f","2026-07-06 19:43:17.954"
"cmr9mnygy000o09jbpg2w9tjr","cmr9mhsdc000104jpygg87e43",2,"R1","f","2026-07-06 19:43:18.083"
"cmr9mnyko000p09jbmahawb9o","cmr9mgzke000004kz8x7mjbr7",2,"R2","t","2026-07-06 19:43:18.216"
"cmr9mnyp0000q09jbs9z5g85i","cmr9mgzke000004kz8x7mjbr7",2,"R2","t","2026-07-06 19:43:18.372"
"cmr9mnyxg000r09jbr92fwg2y","cmr9mh0th000104kzui9le7ue",3,"R2","f","2026-07-06 19:43:18.676"
"cmr9mnzo9000l0akmh4h6zyrz","cmr9mgzke000004kz8x7mjbr7",2,"R2","t","2026-07-06 19:43:19.641"
"cmr9mnzv4000s09jb9qx7ng6k","cmr9mgzke000004kz8x7mjbr7",2,"R2","t","2026-07-06 19:43:19.888"
"cmr9mnzzy000t09jbbyfwswah","cmr9mgzke000004kz8x7mjbr7",2,"R2","t","2026-07-06 19:43:20.063"
"cmr9mo03e000u09jbdahiffio","cmr9mh0th000104kzui9le7ue",3,"distractor","f","2026-07-06 19:43:20.186"
"cmr9mo05w000v09jb8295g1x8","cmr9mgzke000004kz8x7mjbr7",2,"R2","t","2026-07-06 19:43:20.276"
"cmr9mo0pj000m0akmrjbm7dhr","cmr9mh0th000104kzui9le7ue",3,"R1","f","2026-07-06 19:43:20.983"
"cmr9mo0v6000n0akm8y3hb5rf","cmr9mgzke000004kz8x7mjbr7",2,"R2","t","2026-07-06 19:43:21.186"
"cmr9mo10e000w09jb1ek3vmlf","cmr9mgzke000004kz8x7mjbr7",2,"R2","t","2026-07-06 19:43:21.374"
"cmr9mo1pj000o0akmuypillvx","cmr9mh0th000104kzui9le7ue",3,"R2","f","2026-07-06 19:43:22.279"
"cmr9mo20f000x09jb6j3tfp5g","cmr9mhsdc000104jpygg87e43",2,"distractor","f","2026-07-06 19:43:22.671"
"cmr9mo2rl000p0akmwqf6hz80","cmr9mh0th000104kzui9le7ue",3,"distractor","f","2026-07-06 19:43:23.649"
"cmr9mo362000y09jb4edkgusl","cmr9mgzke000004kz8x7mjbr7",2,"R2","t","2026-07-06 19:43:24.17"
"cmr9mo3c5000z09jb0spewgn0","cmr9mgzke000004kz8x7mjbr7",2,"R2","t","2026-07-06 19:43:24.389"
"cmr9mo3ep001009jbdu0os3p8","cmr9mh0th000104kzui9le7ue",3,"R1","f","2026-07-06 19:43:24.481"
"cmr9mo3q2001109jbcd3oyxwi","cmr9mgzke000004kz8x7mjbr7",2,"R2","t","2026-07-06 19:43:24.89"
"cmr9mo429001209jbdgvuu5z7","cmr9mgzke000004kz8x7mjbr7",2,"R2","t","2026-07-06 19:43:25.329"
"cmr9mo485001309jbqdzd3oeq","cmr9mhsdc000104jpygg87e43",2,"R2","t","2026-07-06 19:43:25.541"
"cmr9mo4ch001409jbrnbxuyqu","cmr9mhsdc000104jpygg87e43",2,"R2","t","2026-07-06 19:43:25.697"
"cmr9mo4kc001509jbpsjr25vw","cmr9mhsdc000104jpygg87e43",2,"distractor","f","2026-07-06 19:43:25.98"
"cmr9mo4oh001609jbwo00kfdz","cmr9mhsdc000104jpygg87e43",2,"distractor","f","2026-07-06 19:43:26.129"
"cmr9mo4sd001709jbdudj3afk","cmr9mhsdc000104jpygg87e43",2,"distractor","f","2026-07-06 19:43:26.269"
"cmr9mo4wd001809jb2f80gjsq","cmr9mhsdc000104jpygg87e43",2,"distractor","f","2026-07-06 19:43:26.413"
"cmr9mo4xz001909jbvjk2c57d","cmr9mh0th000104kzui9le7ue",3,"R1","f","2026-07-06 19:43:26.471"
"cmr9mo4zd001a09jblodcgym4","cmr9mgzke000004kz8x7mjbr7",2,"R2","t","2026-07-06 19:43:26.521"
"cmr9mo55b001b09jbw7uvevta","cmr9mgzke000004kz8x7mjbr7",2,"R2","t","2026-07-06 19:43:26.735"
"cmr9mo5oo000q0akmrh9p3lgz","cmr9mhsdc000104jpygg87e43",2,"R2","t","2026-07-06 19:43:27.432"
"cmr9mo5sh000r0akmob26bsej","cmr9mh0th000104kzui9le7ue",3,"distractor","f","2026-07-06 19:43:27.569"
"cmr9mo5tz000s0akmwr1pplpy","cmr9mhsdc000104jpygg87e43",2,"R2","t","2026-07-06 19:43:27.623"
"cmr9mo6ab001c09jbls6kx1z6","cmr9mgzke000004kz8x7mjbr7",2,"R2","t","2026-07-06 19:43:28.211"
"cmr9mo6gm001d09jbyn34vijv","cmr9mgzke000004kz8x7mjbr7",2,"R2","t","2026-07-06 19:43:28.438"
"cmr9mo6qf001e09jbt9jgdg7o","cmr9mhsdc000104jpygg87e43",2,"R1","f","2026-07-06 19:43:28.791"
"cmr9mo6uy001f09jbgyqlc9ec","cmr9mhsdc000104jpygg87e43",2,"R1","f","2026-07-06 19:43:28.954"
"cmr9mo6yc001g09jbbrr1sqdu","cmr9mh0th000104kzui9le7ue",3,"R2","f","2026-07-06 19:43:29.076"
"cmr9mo7d4000t0akm5amzw7ge","cmr9mgzke000004kz8x7mjbr7",2,"R2","t","2026-07-06 19:43:29.608"
"cmr9mo7ee000u0akmtmuij5hk","cmr9mh0th000104kzui9le7ue",3,"R1","f","2026-07-06 19:43:29.654"
"cmr9mo7rp001h09jbcxg0u990","cmr9mhsdc000104jpygg87e43",2,"R2","t","2026-07-06 19:43:30.133"
"cmr9mo838001i09jboy1uzugf","cmr9mgzke000004kz8x7mjbr7",2,"R2","t","2026-07-06 19:43:30.548"
"cmr9mo9qf001j09jbkd9nu2m3","cmr9mhsdc000104jpygg87e43",2,"R2","t","2026-07-06 19:43:32.679"
"cmr9mo9uo001k09jbt7tuyawc","cmr9mhsdc000104jpygg87e43",2,"R2","t","2026-07-06 19:43:32.832"
"cmr9mo9y0001l09jbz060zorc","cmr9mgzke000004kz8x7mjbr7",2,"R2","t","2026-07-06 19:43:32.952"
"cmr9mo9yr001m09jbhg7gtlzc","cmr9mhsdc000104jpygg87e43",2,"R2","t","2026-07-06 19:43:32.979"
"cmr9moa3f001n09jbttqubtp9","cmr9mgzke000004kz8x7mjbr7",2,"R2","t","2026-07-06 19:43:33.147"
"cmr9moa8z001o09jbcp7asrtf","cmr9mgzke000004kz8x7mjbr7",2,"R2","t","2026-07-06 19:43:33.347"
"cmr9moax7000v0akm6babwg6v","cmr9mgzke000004kz8x7mjbr7",2,"R2","t","2026-07-06 19:43:34.219"
"cmr9mob20001p09jbutrij5f2","cmr9mgzke000004kz8x7mjbr7",2,"R2","t","2026-07-06 19:43:34.392"
"cmr9mob6o001q09jb5jeuu5wz","cmr9mgzke000004kz8x7mjbr7",2,"R2","t","2026-07-06 19:43:34.56"
"cmr9mob70000w0akmnln7rgob","cmr9mh0th000104kzui9le7ue",3,"distractor","f","2026-07-06 19:43:34.572"
"cmr9moc2k000x0akmh39tp089","cmr9mhsdc000104jpygg87e43",2,"distractor","f","2026-07-06 19:43:35.708"
"cmr9moc6y001r09jbmr2n341h","cmr9mgzke000004kz8x7mjbr7",2,"R2","t","2026-07-06 19:43:35.866"
"cmr9mocca001s09jbtgi6ow37","cmr9mgzke000004kz8x7mjbr7",2,"R2","t","2026-07-06 19:43:36.059"
"cmr9mocmt001t09jbosecex7x","cmr9mh0th000104kzui9le7ue",3,"R1","f","2026-07-06 19:43:36.437"
"cmr9mod4k000y0akmsezixkyh","cmr9mhsdc000104jpygg87e43",2,"R1","f","2026-07-06 19:43:37.076"
"cmr9mod99000z0akmxqfxzdgt","cmr9mh0th000104kzui9le7ue",3,"distractor","f","2026-07-06 19:43:37.245"
"cmr9mod9e000l0ajll92odkjn","cmr9mgzke000004kz8x7mjbr7",2,"R2","t","2026-07-06 19:43:37.25"
"cmr9modfe001u09jbfu2uz2v3","cmr9mgzke000004kz8x7mjbr7",2,"R2","t","2026-07-06 19:43:37.466"
"cmr9modlj001v09jbr902si82","cmr9mgzke000004kz8x7mjbr7",2,"R2","t","2026-07-06 19:43:37.687"
"cmr9modrt001w09jbomnneneg","cmr9mgzke000004kz8x7mjbr7",2,"R2","t","2026-07-06 19:43:37.913"
"cmr9modug001x09jbp72mxh94","cmr9mhsdc000104jpygg87e43",2,"distractor","f","2026-07-06 19:43:38.008"
"cmr9modyn001y09jbdnofqdkn","cmr9mhsdc000104jpygg87e43",2,"distractor","f","2026-07-06 19:43:38.159"
"cmr9moe2u001z09jbn7h5f8te","cmr9mhsdc000104jpygg87e43",2,"distractor","f","2026-07-06 19:43:38.31"
"cmr9moe73002009jbihewkutz","cmr9mhsdc000104jpygg87e43",2,"distractor","f","2026-07-06 19:43:38.463"
"cmr9moeb2002109jbevjviysa","cmr9mh0th000104kzui9le7ue",3,"R1","f","2026-07-06 19:43:38.606"
"cmr9mofud00100akmybr8298a","cmr9mgzke000004kz8x7mjbr7",2,"R2","t","2026-07-06 19:43:40.597"
"cmr9mog0f002209jb4paazviq","cmr9mgzke000004kz8x7mjbr7",2,"R2","t","2026-07-06 19:43:40.815"
"cmr9mogzz00110akmx2fji1t2","cmr9mgzke000004kz8x7mjbr7",2,"R2","t","2026-07-06 19:43:42.095"
"cmr9mohej00120akm1elqzxls","cmr9mhsdc000104jpygg87e43",2,"R2","t","2026-07-06 19:43:42.619"
"cmr9mohwm002309jbmqk24ley","cmr9mgzke000004kz8x7mjbr7",2,"R2","t","2026-07-06 19:43:43.27"
"cmr9moi0e002409jbclo03rif","cmr9mhsdc000104jpygg87e43",2,"distractor","f","2026-07-06 19:43:43.406"
"cmr9moi2z002509jbpfrl4ra2","cmr9mgzke000004kz8x7mjbr7",2,"R2","t","2026-07-06 19:43:43.499"
"cmr9moi4f002609jbp4x98yxg","cmr9mhsdc000104jpygg87e43",2,"distractor","f","2026-07-06 19:43:43.551"
"cmr9moi91002709jbltztwiij","cmr9mhsdc000104jpygg87e43",2,"distractor","f","2026-07-06 19:43:43.717"
"cmr9moid4002809jbkk8ijt65","cmr9mhsdc000104jpygg87e43",2,"distractor","f","2026-07-06 19:43:43.864"
"cmr9moih4002909jb3uqxnw7d","cmr9mhsdc000104jpygg87e43",2,"distractor","f","2026-07-06 19:43:44.008"
"cmr9mojtx002a09jbhkie79ao","cmr9mgzke000004kz8x7mjbr7",2,"R2","t","2026-07-06 19:43:45.765"
"cmr9mokm0000m0ajlux0am26o","cmr9mhsdc000104jpygg87e43",2,"R1","f","2026-07-06 19:43:46.776"
"cmr9mokpc002b09jbn7lxm91t","cmr9mgzke000004kz8x7mjbr7",2,"R2","t","2026-07-06 19:43:46.896"
"cmr9mokq1002c09jbyu88u2zt","cmr9mhsdc000104jpygg87e43",2,"R1","f","2026-07-06 19:43:46.921"
"cmr9mokv7002d09jb8orci3sj","cmr9mhsdc000104jpygg87e43",2,"R1","f","2026-07-06 19:43:47.107"
"cmr9mokvw002e09jbal46zi98","cmr9mgzke000004kz8x7mjbr7",2,"R2","t","2026-07-06 19:43:47.132"
"cmr9molk500130akmmnh2ltv4","cmr9mhsdc000104jpygg87e43",2,"distractor","f","2026-07-06 19:43:48.005"
"cmr9molps002f09jb2d6gapdt","cmr9mgzke000004kz8x7mjbr7",2,"R2","t","2026-07-06 19:43:48.208"
"cmr9molr4002g09jbuxceo99p","cmr9mhsdc000104jpygg87e43",2,"R1","f","2026-07-06 19:43:48.256"
"cmr9momry002h09jbl3sym7mn","cmr9mgzke000004kz8x7mjbr7",2,"R2","t","2026-07-06 19:43:49.582"
"cmr9moowu00140akm0fp379kk","cmr9mgzke000004kz8x7mjbr7",2,"distractor","f","2026-07-06 19:43:52.35"
"cmr9mop66002i09jbmm9me08v","cmr9mgzke000004kz8x7mjbr7",2,"distractor","f","2026-07-06 19:43:52.686"
"cmr9mop9i002j09jbirmjscb2","cmr9mhsdc000104jpygg87e43",2,"distractor","f","2026-07-06 19:43:52.806"
"cmr9mopdr002k09jbto6rhx7y","cmr9mhsdc000104jpygg87e43",2,"distractor","f","2026-07-06 19:43:52.959"
"cmr9morec002l09jbhj2cms2c","cmr9mgzke000004kz8x7mjbr7",2,"R2","t","2026-07-06 19:43:55.572"
"cmr9morkf002m09jbok8lbrr6","cmr9mgzke000004kz8x7mjbr7",2,"R2","t","2026-07-06 19:43:55.791"
"cmr9morx5002n09jb9hxydo1n","cmr9mhsdc000104jpygg87e43",2,"R1","f","2026-07-06 19:43:56.249"
"cmr9mos33002o09jb5tcy3ics","cmr9mhsdc000104jpygg87e43",2,"R1","f","2026-07-06 19:43:56.463"
"cmr9mosdm002p09jbkuykkvbb","cmr9mhsdc000104jpygg87e43",2,"R1","f","2026-07-06 19:43:56.842"
"cmr9motp9002q09jbjs8cp4rz","cmr9mgzke000004kz8x7mjbr7",2,"R2","t","2026-07-06 19:43:58.557"
"cmr9mouhn00150akmb74jfl4q","cmr9mhsdc000104jpygg87e43",2,"distractor","f","2026-07-06 19:43:59.579"
"cmr9moult002r09jba9slc74h","cmr9mhsdc000104jpygg87e43",2,"distractor","f","2026-07-06 19:43:59.729"
"cmr9mouo0002s09jbbp7p3zb6","cmr9mgzke000004kz8x7mjbr7",2,"R2","t","2026-07-06 19:43:59.808"
"cmr9moutw002t09jbw3aavtzw","cmr9mgzke000004kz8x7mjbr7",2,"R2","t","2026-07-06 19:44:00.02"
"cmr9mouzd002u09jbd9klztnx","cmr9mgzke000004kz8x7mjbr7",2,"R2","t","2026-07-06 19:44:00.217"
"cmr9movty002v09jb9l90c07g","cmr9mgzke000004kz8x7mjbr7",2,"R2","t","2026-07-06 19:44:01.318"
"cmr9movyv002w09jby9alv8r6","cmr9mgzke000004kz8x7mjbr7",2,"R2","t","2026-07-06 19:44:01.495"
"cmr9mow08002x09jbvw11mviq","cmr9mhsdc000104jpygg87e43",2,"R1","f","2026-07-06 19:44:01.544"
"cmr9mow43002y09jbgpkzpg62","cmr9mhsdc000104jpygg87e43",2,"R1","f","2026-07-06 19:44:01.683"
"cmr9mow97002z09jbm3kgd656","cmr9mhsdc000104jpygg87e43",2,"R1","f","2026-07-06 19:44:01.867"
"cmr9mox4x003009jbc84vqi5j","cmr9mhsdc000104jpygg87e43",3,"R2","f","2026-07-06 19:44:03.009"
"cmr9mox5i003109jbnfy980gz","cmr9mgzke000004kz8x7mjbr7",2,"R2","t","2026-07-06 19:44:03.03"
"cmr9moycb00160akmtdm10pub","cmr9mhsdc000104jpygg87e43",3,"distractor","f","2026-07-06 19:44:04.571"
"cmr9mozcx003209jb16hqd5vd","cmr9mhsdc000104jpygg87e43",3,"R2","f","2026-07-06 19:44:05.889"
"cmr9mozh0003309jbrx111s3g","cmr9mhsdc000104jpygg87e43",3,"R2","f","2026-07-06 19:44:06.037"
"cmr9mozl5003409jbhi81eof7","cmr9mhsdc000104jpygg87e43",3,"R1","f","2026-07-06 19:44:06.185"
"cmr9mozp6003509jb6sgilfmb","cmr9mhsdc000104jpygg87e43",3,"R1","f","2026-07-06 19:44:06.33"
"cmr9mozph00170akmji7n9xgn","cmr9mgzke000004kz8x7mjbr7",2,"R2","t","2026-07-06 19:44:06.341"
"cmr9moztk003609jbkp9j8tnd","cmr9mhsdc000104jpygg87e43",3,"R1","f","2026-07-06 19:44:06.488"
"cmr9mozv4003709jbso8juarc","cmr9mgzke000004kz8x7mjbr7",2,"R2","t","2026-07-06 19:44:06.544"
"cmr9mp0ip00180akmglb4hzf2","cmr9mhsdc000104jpygg87e43",3,"distractor","f","2026-07-06 19:44:07.393"
"cmr9mp0n100190akmrs72fdc7","cmr9mhsdc000104jpygg87e43",3,"distractor","f","2026-07-06 19:44:07.549"
"cmr9mp1b7001n04ju4qfmyq5t","cmr9mgzke000004kz8x7mjbr7",2,"R2","t","2026-07-06 19:44:08.419"
"cmr9mp1ef000n0ajlw0o3frl1","cmr9mgzke000004kz8x7mjbr7",2,"R2","t","2026-07-06 19:44:08.535"
"cmr9mp1ke003809jbss6yhv1e","cmr9mhsdc000104jpygg87e43",3,"R1","f","2026-07-06 19:44:08.75"
"cmr9mp1oq003909jb1n4c5hl8","cmr9mhsdc000104jpygg87e43",3,"R1","f","2026-07-06 19:44:08.906"
"cmr9mp1zk003a09jbzvwq3jzh","cmr9mgzke000004kz8x7mjbr7",2,"R2","t","2026-07-06 19:44:09.296"
"cmr9mp24z003b09jbjuye5qgj","cmr9mgzke000004kz8x7mjbr7",2,"R2","t","2026-07-06 19:44:09.491"
"cmr9mp4m0001a0akmulx4s8mh","cmr9mgzke000004kz8x7mjbr7",2,"R2","t","2026-07-06 19:44:12.696"
"cmr9mp4rg003c09jb4pozsjby","cmr9mhsdc000104jpygg87e43",3,"distractor","f","2026-07-06 19:44:12.892"
"cmr9mp5xg001b0akmm32fp3u9","cmr9mgzke000004kz8x7mjbr7",2,"distractor","f","2026-07-06 19:44:14.404"
"cmr9mp6wf001c0akm421zug2a","cmr9mgzke000004kz8x7mjbr7",2,"R2","t","2026-07-06 19:44:15.663"
"cmr9mp758003d09jbn8uet03q","cmr9mhsdc000104jpygg87e43",3,"distractor","f","2026-07-06 19:44:15.98"
"cmr9mp79q003e09jbrwriyr25","cmr9mhsdc000104jpygg87e43",3,"distractor","f","2026-07-06 19:44:16.142"
"cmr9mp7dx003f09jbosouz2zi","cmr9mhsdc000104jpygg87e43",3,"distractor","f","2026-07-06 19:44:16.293"
"cmr9mp86g001d0akm3fnv3fla","cmr9mhsdc000104jpygg87e43",3,"R2","f","2026-07-06 19:44:17.32"
"cmr9mp8as003g09jb2j8zfuqx","cmr9mhsdc000104jpygg87e43",3,"R2","f","2026-07-06 19:44:17.476"
"cmr9mp8fl003h09jb0bn0394c","cmr9mgzke000004kz8x7mjbr7",2,"R2","t","2026-07-06 19:44:17.649"
"cmr9mp8io003i09jbgryuywm1","cmr9mhsdc000104jpygg87e43",3,"distractor","f","2026-07-06 19:44:17.76"
"cmr9mp8qm003j09jbzp1nybh9","cmr9mhsdc000104jpygg87e43",3,"distractor","f","2026-07-06 19:44:18.046"
"cmr9mp8w5003k09jbi8t48k7b","cmr9mhsdc000104jpygg87e43",3,"distractor","f","2026-07-06 19:44:18.245"
"cmr9mp9qu003l09jbdo37e0jq","cmr9mhsdc000104jpygg87e43",3,"R1","f","2026-07-06 19:44:19.35"
"cmr9mp9ur003m09jb1mljjv6w","cmr9mhsdc000104jpygg87e43",3,"R1","f","2026-07-06 19:44:19.491"
"cmr9mpaoq001e0akm9vpinyso","cmr9mgzke000004kz8x7mjbr7",2,"R2","t","2026-07-06 19:44:20.57"
"cmr9mpb8x001o04ju6zyn94ix","cmr9mhsdc000104jpygg87e43",3,"R1","f","2026-07-06 19:44:21.297"
"cmr9mpc8w001p04ju16nsnjx7","cmr9mhsdc000104jpygg87e43",3,"distractor","f","2026-07-06 19:44:22.592"
"cmr9mpc8g003n09jbph11tt3c","cmr9mgzke000004kz8x7mjbr7",2,"R2","t","2026-07-06 19:44:22.576"
"cmr9mpcc3003o09jb0bhpqcdl","cmr9mhsdc000104jpygg87e43",3,"distractor","f","2026-07-06 19:44:22.707"
"cmr9mpd1i001f0akm16afbj5r","cmr9mhsdc000104jpygg87e43",3,"R2","f","2026-07-06 19:44:23.622"
"cmr9mpdat003p09jbl8orsddn","cmr9mgzke000004kz8x7mjbr7",2,"R2","t","2026-07-06 19:44:23.957"
"cmr9mpdgw003q09jbd3n45hfh","cmr9mgzke000004kz8x7mjbr7",2,"R2","t","2026-07-06 19:44:24.176"
"cmr9mpdx6001g0akmox9fzxqg","cmr9mhsdc000104jpygg87e43",3,"R1","f","2026-07-06 19:44:24.762"
"cmr9mpe1j001h0akmie3d3lmr","cmr9mhsdc000104jpygg87e43",3,"R1","f","2026-07-06 19:44:24.919"
"cmr9mpesc000o0ajliydpm8g8","cmr9mgzke000004kz8x7mjbr7",2,"R2","t","2026-07-06 19:44:25.884"
"cmr9mpex4001i0akmahdnv2un","cmr9mgzke000004kz8x7mjbr7",2,"R2","t","2026-07-06 19:44:26.056"
"cmr9mpfoe000p0ajlvrdyb6wh","cmr9mgzke000004kz8x7mjbr7",2,"R2","t","2026-07-06 19:44:27.038"
"cmr9mpfup003r09jb114c5e7q","cmr9mgzke000004kz8x7mjbr7",2,"R2","t","2026-07-06 19:44:27.265"
"cmr9mpg27003s09jbata5ljah","cmr9mhsdc000104jpygg87e43",3,"R1","f","2026-07-06 19:44:27.535"
"cmr9mph5f001j0akm1yal5d58","cmr9mgzke000004kz8x7mjbr7",2,"R2","t","2026-07-06 19:44:28.947"
"cmr9mphvq001q04jumms1s8e1","cmr9mhsdc000104jpygg87e43",3,"distractor","f","2026-07-06 19:44:29.894"
"cmr9mphyv003t09jbtur6byvo","cmr9mhsdc000104jpygg87e43",3,"distractor","f","2026-07-06 19:44:30.007"
"cmr9mpi2z003u09jb1l7l36fb","cmr9mhsdc000104jpygg87e43",3,"distractor","f","2026-07-06 19:44:30.155"
"cmr9mpi3z003v09jbgojh9hvk","cmr9mgzke000004kz8x7mjbr7",2,"R2","t","2026-07-06 19:44:30.191"
"cmr9mpi9z003w09jbsh6afmwb","cmr9mgzke000004kz8x7mjbr7",2,"R2","t","2026-07-06 19:44:30.407"
"cmr9mpike003x09jbw3fe2kuh","cmr9mhsdc000104jpygg87e43",3,"distractor","f","2026-07-06 19:44:30.782"
"cmr9mpjq9001k0akmbyq88vq9","cmr9mhsdc000104jpygg87e43",3,"R1","f","2026-07-06 19:44:32.289"
"cmr9mpkws003y09jbq2yf3trf","cmr9mgzke000004kz8x7mjbr7",2,"R2","t","2026-07-06 19:44:33.82"
"cmr9mpkyo003z09jbnazxqv71","cmr9mhsdc000104jpygg87e43",3,"R2","f","2026-07-06 19:44:33.888"
"cmr9mpmbz004009jbzq3tnssa","cmr9mgzke000004kz8x7mjbr7",2,"R2","t","2026-07-06 19:44:35.663"
"cmr9mpmhw004109jb7wsk30x8","cmr9mgzke000004kz8x7mjbr7",2,"R2","t","2026-07-06 19:44:35.876"
"cmr9mpnhl001l0akm0ndsdthz","cmr9mhsdc000104jpygg87e43",3,"R1","f","2026-07-06 19:44:37.161"
"cmr9mpnli004209jbv6gknqh5","cmr9mhsdc000104jpygg87e43",3,"R1","f","2026-07-06 19:44:37.302"
"cmr9mpnpn004309jbumhfjtfj","cmr9mhsdc000104jpygg87e43",3,"R1","f","2026-07-06 19:44:37.451"
"cmr9mpnxe004409jb9cy7s142","cmr9mhsdc000104jpygg87e43",3,"R1","f","2026-07-06 19:44:37.73"
"cmr9mpo38004509jbeddejqpr","cmr9mhsdc000104jpygg87e43",3,"R1","f","2026-07-06 19:44:37.94"
"cmr9mpo4c004609jbajeve6yn","cmr9mgzke000004kz8x7mjbr7",2,"R2","t","2026-07-06 19:44:37.98"
"cmr9mpoa3004709jb6hv2sv3x","cmr9mgzke000004kz8x7mjbr7",2,"R2","t","2026-07-06 19:44:38.188"
"cmr9mppt5001m0akmlkba7838","cmr9mhsdc000104jpygg87e43",3,"R2","f","2026-07-06 19:44:40.169"
"cmr9mpr9a001n0akmfl819pjy","cmr9mgzke000004kz8x7mjbr7",3,"distractor","f","2026-07-06 19:44:42.047"
"cmr9mprmd004809jbsc85ht43","cmr9mgzke000004kz8x7mjbr7",3,"distractor","f","2026-07-06 19:44:42.517"
"cmr9mprwb004909jbcoyy7rc6","cmr9mgzke000004kz8x7mjbr7",3,"distractor","f","2026-07-06 19:44:42.875"
"cmr9mpskr001o0akmikpfisql","cmr9mhsdc000104jpygg87e43",3,"R1","f","2026-07-06 19:44:43.755"
"cmr9mpsot004a09jbnp9b7xi3","cmr9mhsdc000104jpygg87e43",3,"R1","f","2026-07-06 19:44:43.901"
"cmr9mpst2004b09jbv08yrqmg","cmr9mhsdc000104jpygg87e43",3,"R1","f","2026-07-06 19:44:44.054"
"cmr9mptcd001r04jujeubgbtd","cmr9mgzke000004kz8x7mjbr7",3,"distractor","f","2026-07-06 19:44:44.749"
"cmr9mptcv000q0ajlt85mnokx","cmr9mhsdc000104jpygg87e43",3,"R1","f","2026-07-06 19:44:44.767"
"cmr9mptmy004c09jbcpzxamdj","cmr9mhsdc000104jpygg87e43",3,"R2","f","2026-07-06 19:44:45.13"
"cmr9mptsk004d09jbzpg3tr8v","cmr9mhsdc000104jpygg87e43",3,"R2","f","2026-07-06 19:44:45.332"
"cmr9mptxc004e09jbyaav9n5j","cmr9mhsdc000104jpygg87e43",3,"R2","f","2026-07-06 19:44:45.504"
"cmr9mpu1e004f09jbajltx26x","cmr9mhsdc000104jpygg87e43",3,"R2","f","2026-07-06 19:44:45.65"
"cmr9mpv79001p0akmvwkssaxq","cmr9mhsdc000104jpygg87e43",3,"distractor","f","2026-07-06 19:44:47.157"
"cmr9mpvyb001s04ju2mrivlq5","cmr9mgzke000004kz8x7mjbr7",3,"R2","f","2026-07-06 19:44:48.132"
"cmr9mpw0x004g09jblprilqsk","cmr9mgzke000004kz8x7mjbr7",3,"R2","f","2026-07-06 19:44:48.225"
"cmr9mpwrj001t04juq2a5jazi","cmr9mhsdc000104jpygg87e43",3,"R1","f","2026-07-06 19:44:49.183"
"cmr9mpwus004h09jbblqwqtwb","cmr9mhsdc000104jpygg87e43",3,"R1","f","2026-07-06 19:44:49.3"
"cmr9mpx66004i09jbanpvlqz7","cmr9mgzke000004kz8x7mjbr7",3,"R1","f","2026-07-06 19:44:49.71"
"cmr9mpxhk004j09jbg3746sxv","cmr9mhsdc000104jpygg87e43",3,"R2","f","2026-07-06 19:44:50.12"
"cmr9mpyjv001q0akmjc8am7d4","cmr9mgzke000004kz8x7mjbr7",3,"distractor","f","2026-07-06 19:44:51.499"
"cmr9mpzo8001r0akmlcyfoctf","cmr9mhsdc000104jpygg87e43",3,"R2","f","2026-07-06 19:44:52.952"
"cmr9mpzsh004k09jba8zg0tzp","cmr9mhsdc000104jpygg87e43",3,"R2","f","2026-07-06 19:44:53.105"
"cmr9mq0em001u04jug8ijx5b1","cmr9mgzke000004kz8x7mjbr7",3,"R1","f","2026-07-06 19:44:53.902"
"cmr9mq0m8004l09jbfmp9l1i3","cmr9mhsdc000104jpygg87e43",3,"R1","f","2026-07-06 19:44:54.176"
"cmr9mq0zh004m09jbrysn18lv","cmr9mgzke000004kz8x7mjbr7",3,"R1","f","2026-07-06 19:44:54.653"
"cmr9mq1q0000r0ajldabrbfvf","cmr9mgzke000004kz8x7mjbr7",3,"R1","f","2026-07-06 19:44:55.608"
"cmr9mq1r2001s0akmc4d1n5jp","cmr9mhsdc000104jpygg87e43",3,"distractor","f","2026-07-06 19:44:55.646"
"cmr9mq1v2004n09jb2o1mmb84","cmr9mhsdc000104jpygg87e43",3,"distractor","f","2026-07-06 19:44:55.79"
"cmr9mq3mx004o09jb5kxdxqo2","cmr9mhsdc000104jpygg87e43",3,"R2","f","2026-07-06 19:44:58.089"
"cmr9mq4mj001t0akmnwx98z4j","cmr9mgzke000004kz8x7mjbr7",3,"distractor","f","2026-07-06 19:44:59.371"
"cmr9mq4ph004p09jby3tewuww","cmr9mhsdc000104jpygg87e43",3,"distractor","f","2026-07-06 19:44:59.477"
"cmr9mq4sh004q09jbox99i1fv","cmr9mgzke000004kz8x7mjbr7",3,"distractor","f","2026-07-06 19:44:59.585"
"cmr9mq4ty004r09jb1ap7csbm","cmr9mhsdc000104jpygg87e43",3,"distractor","f","2026-07-06 19:44:59.638"
"cmr9mq55k004s09jbrl4wvvzo","cmr9mgzke000004kz8x7mjbr7",3,"R1","f","2026-07-06 19:45:00.056"
"cmr9mq69d000s0ajlh5v02ns1","cmr9mhsdc000104jpygg87e43",3,"R1","f","2026-07-06 19:45:01.49"
"cmr9mq71i001v04jurdwz3cr7","cmr9mhsdc000104jpygg87e43",3,"R2","f","2026-07-06 19:45:02.502"
"cmr9mq9zd004t09jb4zucbfre","cmr9mgzke000004kz8x7mjbr7",3,"R2","f","2026-07-06 19:45:06.313"
"cmr9mqa5o004u09jb9sgw6tay","cmr9mgzke000004kz8x7mjbr7",3,"R2","f","2026-07-06 19:45:06.541"
"cmr9mqacg004v09jb32xbvyc0","cmr9mgzke000004kz8x7mjbr7",3,"R2","f","2026-07-06 19:45:06.784"
"cmr9mqc98001u0akmkw0o3jf9","cmr9mgzke000004kz8x7mjbr7",3,"R2","f","2026-07-06 19:45:09.26"
"cmr9mqcfg004w09jbtw24xqvk","cmr9mgzke000004kz8x7mjbr7",3,"R2","f","2026-07-06 19:45:09.484"
